TRADE_DATE,ZONE,SECTION,CONTRACT_NAME,EXCEL_HEADER,PRICE_D,PRICE_D_1,PRICE_PRICE,PRICE_USED,PRICE_SOURCE
2019-01-01,ES,Month,ISIN Code: PTFTO0045362 Nominal Fixo MWH: 720 Trading last day: 2019-03-29 Trading quotation: €/MWh FTB M Apr-19,Apr 19,,53.02,,53.02,D-1
2019-01-01,ES,Year,ISIN Code: PTFTO0005077 Nominal Fixo MWH: 8784 Trading last day: 2019-12-27 Trading quotation: €/MWh FTB YR-20,Cal 20,,56.5,,56.5,D-1
2019-01-01,ES,Year,ISIN Code: PTFTO0005085 Nominal Fixo MWH: 8760 Trading last day: 2020-12-29 Trading quotation: €/MWh FTB YR-21,Cal 21,,51.55,,51.55,D-1
2019-01-01,ES,Year,ISIN Code: PTFTO0045438 Nominal Fixo MWH: 8760 Trading last day: 2021-12-29 Trading quotation: €/MWh FTB YR-22,Cal 22,,49.48,,49.48,D-1
2019-01-01,ES,Year,ISIN Code: PTFTO0087687 Nominal Fixo MWH: 8760 Trading last day: 2022-12-29 Trading quotation: €/MWh FTB YR-23,Cal 23,,48.08,,48.08,D-1
2019-01-01,ES,Month,ISIN Code: PTFTO0045347 Nominal Fixo MWH: 672 Trading last day: 2019-01-31 Trading quotation: €/MWh FTB M Feb-19,Feb 19,,63.13,,63.13,D-1
2019-01-01,ES,Month,ISIN Code: PTFTO0045388 Nominal Fixo MWH: 720 Trading last day: 2019-05-31 Trading quotation: €/MWh FTB M Jun-19,Jun 19,,65.21,,65.21,D-1
2019-01-01,ES,Month,ISIN Code: PTFTO0045370 Nominal Fixo MWH: 744 Trading last day: 2019-04-30 Trading quotation: €/MWh FTB M May-19,Mai 19,,59.51,,59.51,D-1
2019-01-01,ES,Month,ISIN Code: PTFTO0045354 Nominal Fixo MWH: 743 Trading last day: 2019-02-28 Trading quotation: €/MWh FTB M Mar-19,Mrz 19,,57.6,,57.6,D-1
2019-01-01,ES,Quarter,ISIN Code: PTFTO0045404 Nominal Fixo MWH: 2183 Trading last day: 2019-12-27 Trading quotation: €/MWh FTB Q1-20,Q1 20,,56.23,,56.23,D-1
2019-01-01,ES,Quarter,ISIN Code: PTFTO0005036 Nominal Fixo MWH: 2184 Trading last day: 2019-03-28 Trading quotation: €/MWh FTB Q2-19,Q2 19,,59.25,,59.25,D-1
2019-01-01,ES,Quarter,ISIN Code: PTFTO0045412 Nominal Fixo MWH: 2184 Trading last day: 2020-03-27 Trading quotation: €/MWh FTB Q2-20,Q2 20,,53.87,,53.87,D-1
2019-01-01,ES,Quarter,ISIN Code: PTFTO0005044 Nominal Fixo MWH: 2208 Trading last day: 2019-06-27 Trading quotation: €/MWh FTB Q3-19,Q3 19,,61.0,,61.0,D-1
2019-01-01,ES,Quarter,ISIN Code: PTFTO0045420 Nominal Fixo MWH: 2208 Trading last day: 2020-06-26 Trading quotation: €/MWh FTB Q3-20,Q3 20,,55.65,,55.65,D-1
2019-01-01,ES,Quarter,ISIN Code: PTFTO0045396 Nominal Fixo MWH: 2209 Trading last day: 2019-09-27 Trading quotation: €/MWh FTB Q4-19,Q4 19,,66.04,,66.04,D-1
2019-01-02,ES,Month,ISIN Code: PTFTO0045362 Nominal Fixo MWH: 720 Trading last day: 2019-03-29 Trading quotation: €/MWh FTB M Apr-19,Apr 19,52.57,53.02,,52.57,D
2019-01-02,ES,Year,ISIN Code: PTFTO0005077 Nominal Fixo MWH: 8784 Trading last day: 2019-12-27 Trading quotation: €/MWh FTB YR-20,Cal 20,56.4,56.5,56.4,56.4,D
2019-01-02,ES,Year,ISIN Code: PTFTO0005085 Nominal Fixo MWH: 8760 Trading last day: 2020-12-29 Trading quotation: €/MWh FTB YR-21,Cal 21,51.5,51.55,,51.5,D
2019-01-02,ES,Year,ISIN Code: PTFTO0045438 Nominal Fixo MWH: 8760 Trading last day: 2021-12-29 Trading quotation: €/MWh FTB YR-22,Cal 22,49.43,49.48,,49.43,D
2019-01-02,ES,Year,ISIN Code: PTFTO0087687 Nominal Fixo MWH: 8760 Trading last day: 2022-12-29 Trading quotation: €/MWh FTB YR-23,Cal 23,48.03,48.08,,48.03,D
2019-01-02,ES,Year,ISIN Code: PTFTO0092604 Nominal Fixo MWH: 8784 Trading last day: 2023-12-28 Trading quotation: €/MWh FTB YR-24,Cal 24,48.03,,,48.03,D
2019-01-02,ES,Month,ISIN Code: PTFTO0045347 Nominal Fixo MWH: 672 Trading last day: 2019-01-31 Trading quotation: €/MWh FTB M Feb-19,Feb 19,63.2,63.13,,63.2,D
2019-01-02,ES,Month,ISIN Code: PTFTO0092448 Nominal Fixo MWH: 744 Trading last day: 2019-06-28 Trading quotation: €/MWh FTB M Jul-19,Jul 19,60.3,,,60.3,D
2019-01-02,ES,Month,ISIN Code: PTFTO0045388 Nominal Fixo MWH: 720 Trading last day: 2019-05-31 Trading quotation: €/MWh FTB M Jun-19,Jun 19,64.66,65.21,,64.66,D
2019-01-02,ES,Month,ISIN Code: PTFTO0045370 Nominal Fixo MWH: 744 Trading last day: 2019-04-30 Trading quotation: €/MWh FTB M May-19,Mai 19,59.01,59.51,,59.01,D
2019-01-02,ES,Month,ISIN Code: PTFTO0045354 Nominal Fixo MWH: 743 Trading last day: 2019-02-28 Trading quotation: €/MWh FTB M Mar-19,Mrz 19,57.75,57.6,,57.75,D
2019-01-02,ES,Quarter,ISIN Code: PTFTO0045404 Nominal Fixo MWH: 2183 Trading last day: 2019-12-27 Trading quotation: €/MWh FTB Q1-20,Q1 20,62.0,56.23,,62.0,D
2019-01-02,ES,Quarter,ISIN Code: PTFTO0005036 Nominal Fixo MWH: 2184 Trading last day: 2019-03-28 Trading quotation: €/MWh FTB Q2-19,Q2 19,58.75,59.25,,58.75,D
2019-01-02,ES,Quarter,ISIN Code: PTFTO0045412 Nominal Fixo MWH: 2184 Trading last day: 2020-03-27 Trading quotation: €/MWh FTB Q2-20,Q2 20,51.25,53.87,,51.25,D
2019-01-02,ES,Quarter,ISIN Code: PTFTO0005044 Nominal Fixo MWH: 2208 Trading last day: 2019-06-27 Trading quotation: €/MWh FTB Q3-19,Q3 19,61.0,61.0,,61.0,D
2019-01-02,ES,Quarter,ISIN Code: PTFTO0045420 Nominal Fixo MWH: 2208 Trading last day: 2020-06-26 Trading quotation: €/MWh FTB Q3-20,Q3 20,56.06,55.65,,56.06,D
2019-01-02,ES,Quarter,ISIN Code: PTFTO0045396 Nominal Fixo MWH: 2209 Trading last day: 2019-09-27 Trading quotation: €/MWh FTB Q4-19,Q4 19,65.6,66.04,,65.6,D
2019-01-02,ES,Quarter,ISIN Code: PTFTO0092562 Nominal Fixo MWH: 2209 Trading last day: 2020-09-28 Trading quotation: €/MWh FTB Q4-20,Q4 20,56.3,,,56.3,D
2019-01-03,ES,Month,ISIN Code: PTFTO0045362 Nominal Fixo MWH: 720 Trading last day: 2019-03-29 Trading quotation: €/MWh FTB M Apr-19,Apr 19,52.17,52.57,,52.17,D
2019-01-03,ES,Year,ISIN Code: PTFTO0005077 Nominal Fixo MWH: 8784 Trading last day: 2019-12-27 Trading quotation: €/MWh FTB YR-20,Cal 20,55.5,56.4,,55.5,D
2019-01-03,ES,Year,ISIN Code: PTFTO0005085 Nominal Fixo MWH: 8760 Trading last day: 2020-12-29 Trading quotation: €/MWh FTB YR-21,Cal 21,51.5,51.5,,51.5,D
2019-01-03,ES,Year,ISIN Code: PTFTO0045438 Nominal Fixo MWH: 8760 Trading last day: 2021-12-29 Trading quotation: €/MWh FTB YR-22,Cal 22,49.43,49.43,,49.43,D
2019-01-03,ES,Year,ISIN Code: PTFTO0087687 Nominal Fixo MWH: 8760 Trading last day: 2022-12-29 Trading quotation: €/MWh FTB YR-23,Cal 23,48.03,48.03,,48.03,D
2019-01-03,ES,Year,ISIN Code: PTFTO0092604 Nominal Fixo MWH: 8784 Trading last day: 2023-12-28 Trading quotation: €/MWh FTB YR-24,Cal 24,48.03,48.03,,48.03,D
2019-01-03,ES,Month,ISIN Code: PTFTO0045347 Nominal Fixo MWH: 672 Trading last day: 2019-01-31 Trading quotation: €/MWh FTB M Feb-19,Feb 19,63.25,63.2,,63.25,D
2019-01-03,ES,Month,ISIN Code: PTFTO0092448 Nominal Fixo MWH: 744 Trading last day: 2019-06-28 Trading quotation: €/MWh FTB M Jul-19,Jul 19,60.3,60.3,,60.3,D
2019-01-03,ES,Month,ISIN Code: PTFTO0045388 Nominal Fixo MWH: 720 Trading last day: 2019-05-31 Trading quotation: €/MWh FTB M Jun-19,Jun 19,64.17,64.66,,64.17,D
2019-01-03,ES,Month,ISIN Code: PTFTO0045370 Nominal Fixo MWH: 744 Trading last day: 2019-04-30 Trading quotation: €/MWh FTB M May-19,Mai 19,58.56,59.01,,58.56,D
2019-01-03,ES,Month,ISIN Code: PTFTO0045354 Nominal Fixo MWH: 743 Trading last day: 2019-02-28 Trading quotation: €/MWh FTB M Mar-19,Mrz 19,57.05,57.75,57.05,57.05,D
2019-01-03,ES,Quarter,ISIN Code: PTFTO0045404 Nominal Fixo MWH: 2183 Trading last day: 2019-12-27 Trading quotation: €/MWh FTB Q1-20,Q1 20,61.01,62.0,,61.01,D
2019-01-03,ES,Quarter,ISIN Code: PTFTO0005036 Nominal Fixo MWH: 2184 Trading last day: 2019-03-28 Trading quotation: €/MWh FTB Q2-19,Q2 19,58.3,58.75,,58.3,D
2019-01-03,ES,Quarter,ISIN Code: PTFTO0045412 Nominal Fixo MWH: 2184 Trading last day: 2020-03-27 Trading quotation: €/MWh FTB Q2-20,Q2 20,50.43,51.25,,50.43,D
2019-01-03,ES,Quarter,ISIN Code: PTFTO0005044 Nominal Fixo MWH: 2208 Trading last day: 2019-06-27 Trading quotation: €/MWh FTB Q3-19,Q3 19,61.0,61.0,,61.0,D
2019-01-03,ES,Quarter,ISIN Code: PTFTO0045420 Nominal Fixo MWH: 2208 Trading last day: 2020-06-26 Trading quotation: €/MWh FTB Q3-20,Q3 20,55.16,56.06,,55.16,D
2019-01-03,ES,Quarter,ISIN Code: PTFTO0045396 Nominal Fixo MWH: 2209 Trading last day: 2019-09-27 Trading quotation: €/MWh FTB Q4-19,Q4 19,64.75,65.6,,64.75,D
2019-01-03,ES,Quarter,ISIN Code: PTFTO0092562 Nominal Fixo MWH: 2209 Trading last day: 2020-09-28 Trading quotation: €/MWh FTB Q4-20,Q4 20,55.4,56.3,,55.4,D
2019-01-04,ES,Month,ISIN Code: PTFTO0045362 Nominal Fixo MWH: 720 Trading last day: 2019-03-29 Trading quotation: €/MWh FTB M Apr-19,Apr 19,52.75,52.17,,52.75,D
2019-01-04,ES,Year,ISIN Code: PTFTO0005077 Nominal Fixo MWH: 8784 Trading last day: 2019-12-27 Trading quotation: €/MWh FTB YR-20,Cal 20,55.85,55.5,,55.85,D
2019-01-04,ES,Year,ISIN Code: PTFTO0005085 Nominal Fixo MWH: 8760 Trading last day: 2020-12-29 Trading quotation: €/MWh FTB YR-21,Cal 21,51.65,51.5,,51.65,D
2019-01-04,ES,Year,ISIN Code: PTFTO0045438 Nominal Fixo MWH: 8760 Trading last day: 2021-12-29 Trading quotation: €/MWh FTB YR-22,Cal 22,48.95,49.43,,48.95,D
2019-01-04,ES,Year,ISIN Code: PTFTO0087687 Nominal Fixo MWH: 8760 Trading last day: 2022-12-29 Trading quotation: €/MWh FTB YR-23,Cal 23,47.68,48.03,,47.68,D
2019-01-04,ES,Year,ISIN Code: PTFTO0092604 Nominal Fixo MWH: 8784 Trading last day: 2023-12-28 Trading quotation: €/MWh FTB YR-24,Cal 24,47.25,48.03,,47.25,D
2019-01-04,ES,Month,ISIN Code: PTFTO0045347 Nominal Fixo MWH: 672 Trading last day: 2019-01-31 Trading quotation: €/MWh FTB M Feb-19,Feb 19,63.45,63.25,63.5,63.45,D
2019-01-04,ES,Month,ISIN Code: PTFTO0092448 Nominal Fixo MWH: 744 Trading last day: 2019-06-28 Trading quotation: €/MWh FTB M Jul-19,Jul 19,60.45,60.3,,60.45,D
2019-01-04,ES,Month,ISIN Code: PTFTO0045388 Nominal Fixo MWH: 720 Trading last day: 2019-05-31 Trading quotation: €/MWh FTB M Jun-19,Jun 19,63.87,64.17,,63.87,D
2019-01-04,ES,Month,ISIN Code: PTFTO0045370 Nominal Fixo MWH: 744 Trading last day: 2019-04-30 Trading quotation: €/MWh FTB M May-19,Mai 19,58.28,58.56,,58.28,D
2019-01-04,ES,Month,ISIN Code: PTFTO0045354 Nominal Fixo MWH: 743 Trading last day: 2019-02-28 Trading quotation: €/MWh FTB M Mar-19,Mrz 19,57.2,57.05,57.2,57.2,D
2019-01-04,ES,Quarter,ISIN Code: PTFTO0045404 Nominal Fixo MWH: 2183 Trading last day: 2019-12-27 Trading quotation: €/MWh FTB Q1-20,Q1 20,60.2,61.01,,60.2,D
2019-01-04,ES,Quarter,ISIN Code: PTFTO0005036 Nominal Fixo MWH: 2184 Trading last day: 2019-03-28 Trading quotation: €/MWh FTB Q2-19,Q2 19,58.3,58.3,,58.3,D
2019-01-04,ES,Quarter,ISIN Code: PTFTO0045412 Nominal Fixo MWH: 2184 Trading last day: 2020-03-27 Trading quotation: €/MWh FTB Q2-20,Q2 20,51.12,50.43,,51.12,D
2019-01-04,ES,Quarter,ISIN Code: PTFTO0005044 Nominal Fixo MWH: 2208 Trading last day: 2019-06-27 Trading quotation: €/MWh FTB Q3-19,Q3 19,61.15,61.0,,61.15,D
2019-01-04,ES,Quarter,ISIN Code: PTFTO0045420 Nominal Fixo MWH: 2208 Trading last day: 2020-06-26 Trading quotation: €/MWh FTB Q3-20,Q3 20,55.91,55.16,,55.91,D
2019-01-04,ES,Quarter,ISIN Code: PTFTO0045396 Nominal Fixo MWH: 2209 Trading last day: 2019-09-27 Trading quotation: €/MWh FTB Q4-19,Q4 19,65.2,64.75,,65.2,D
2019-01-04,ES,Quarter,ISIN Code: PTFTO0092562 Nominal Fixo MWH: 2209 Trading last day: 2020-09-28 Trading quotation: €/MWh FTB Q4-20,Q4 20,56.16,55.4,,56.16,D
2019-01-05,ES,Month,ISIN Code: PTFTO0045362 Nominal Fixo MWH: 720 Trading last day: 2019-03-29 Trading quotation: €/MWh FTB M Apr-19,Apr 19,,52.75,,52.75,D-1
2019-01-05,ES,Year,ISIN Code: PTFTO0005077 Nominal Fixo MWH: 8784 Trading last day: 2019-12-27 Trading quotation: €/MWh FTB YR-20,Cal 20,,55.85,,55.85,D-1
2019-01-05,ES,Year,ISIN Code: PTFTO0005085 Nominal Fixo MWH: 8760 Trading last day: 2020-12-29 Trading quotation: €/MWh FTB YR-21,Cal 21,,51.65,,51.65,D-1
2019-01-05,ES,Year,ISIN Code: PTFTO0045438 Nominal Fixo MWH: 8760 Trading last day: 2021-12-29 Trading quotation: €/MWh FTB YR-22,Cal 22,,48.95,,48.95,D-1
2019-01-05,ES,Year,ISIN Code: PTFTO0087687 Nominal Fixo MWH: 8760 Trading last day: 2022-12-29 Trading quotation: €/MWh FTB YR-23,Cal 23,,47.68,,47.68,D-1
2019-01-05,ES,Year,ISIN Code: PTFTO0092604 Nominal Fixo MWH: 8784 Trading last day: 2023-12-28 Trading quotation: €/MWh FTB YR-24,Cal 24,,47.25,,47.25,D-1
2019-01-05,ES,Month,ISIN Code: PTFTO0045347 Nominal Fixo MWH: 672 Trading last day: 2019-01-31 Trading quotation: €/MWh FTB M Feb-19,Feb 19,,63.45,,63.45,D-1
2019-01-05,ES,Month,ISIN Code: PTFTO0092448 Nominal Fixo MWH: 744 Trading last day: 2019-06-28 Trading quotation: €/MWh FTB M Jul-19,Jul 19,,60.45,,60.45,D-1
2019-01-05,ES,Month,ISIN Code: PTFTO0045388 Nominal Fixo MWH: 720 Trading last day: 2019-05-31 Trading quotation: €/MWh FTB M Jun-19,Jun 19,,63.87,,63.87,D-1
2019-01-05,ES,Month,ISIN Code: PTFTO0045370 Nominal Fixo MWH: 744 Trading last day: 2019-04-30 Trading quotation: €/MWh FTB M May-19,Mai 19,,58.28,,58.28,D-1
2019-01-05,ES,Month,ISIN Code: PTFTO0045354 Nominal Fixo MWH: 743 Trading last day: 2019-02-28 Trading quotation: €/MWh FTB M Mar-19,Mrz 19,,57.2,,57.2,D-1
2019-01-05,ES,Quarter,ISIN Code: PTFTO0045404 Nominal Fixo MWH: 2183 Trading last day: 2019-12-27 Trading quotation: €/MWh FTB Q1-20,Q1 20,,60.2,,60.2,D-1
2019-01-05,ES,Quarter,ISIN Code: PTFTO0005036 Nominal Fixo MWH: 2184 Trading last day: 2019-03-28 Trading quotation: €/MWh FTB Q2-19,Q2 19,,58.3,,58.3,D-1
2019-01-05,ES,Quarter,ISIN Code: PTFTO0045412 Nominal Fixo MWH: 2184 Trading last day: 2020-03-27 Trading quotation: €/MWh FTB Q2-20,Q2 20,,51.12,,51.12,D-1
2019-01-05,ES,Quarter,ISIN Code: PTFTO0005044 Nominal Fixo MWH: 2208 Trading last day: 2019-06-27 Trading quotation: €/MWh FTB Q3-19,Q3 19,,61.15,,61.15,D-1
2019-01-05,ES,Quarter,ISIN Code: PTFTO0045420 Nominal Fixo MWH: 2208 Trading last day: 2020-06-26 Trading quotation: €/MWh FTB Q3-20,Q3 20,,55.91,,55.91,D-1
2019-01-05,ES,Quarter,ISIN Code: PTFTO0045396 Nominal Fixo MWH: 2209 Trading last day: 2019-09-27 Trading quotation: €/MWh FTB Q4-19,Q4 19,,65.2,,65.2,D-1
2019-01-05,ES,Quarter,ISIN Code: PTFTO0092562 Nominal Fixo MWH: 2209 Trading last day: 2020-09-28 Trading quotation: €/MWh FTB Q4-20,Q4 20,,56.16,,56.16,D-1
2019-01-06,ES,Month,ISIN Code: PTFTO0045362 Nominal Fixo MWH: 720 Trading last day: 2019-03-29 Trading quotation: €/MWh FTB M Apr-19,Apr 19,,52.75,,52.75,D-1
2019-01-06,ES,Year,ISIN Code: PTFTO0005077 Nominal Fixo MWH: 8784 Trading last day: 2019-12-27 Trading quotation: €/MWh FTB YR-20,Cal 20,,55.85,,55.85,D-1
2019-01-06,ES,Year,ISIN Code: PTFTO0005085 Nominal Fixo MWH: 8760 Trading last day: 2020-12-29 Trading quotation: €/MWh FTB YR-21,Cal 21,,51.65,,51.65,D-1
2019-01-06,ES,Year,ISIN Code: PTFTO0045438 Nominal Fixo MWH: 8760 Trading last day: 2021-12-29 Trading quotation: €/MWh FTB YR-22,Cal 22,,48.95,,48.95,D-1
2019-01-06,ES,Year,ISIN Code: PTFTO0087687 Nominal Fixo MWH: 8760 Trading last day: 2022-12-29 Trading quotation: €/MWh FTB YR-23,Cal 23,,47.68,,47.68,D-1
2019-01-06,ES,Year,ISIN Code: PTFTO0092604 Nominal Fixo MWH: 8784 Trading last day: 2023-12-28 Trading quotation: €/MWh FTB YR-24,Cal 24,,47.25,,47.25,D-1
2019-01-06,ES,Month,ISIN Code: PTFTO0045347 Nominal Fixo MWH: 672 Trading last day: 2019-01-31 Trading quotation: €/MWh FTB M Feb-19,Feb 19,,63.45,,63.45,D-1
2019-01-06,ES,Month,ISIN Code: PTFTO0092448 Nominal Fixo MWH: 744 Trading last day: 2019-06-28 Trading quotation: €/MWh FTB M Jul-19,Jul 19,,60.45,,60.45,D-1
2019-01-06,ES,Month,ISIN Code: PTFTO0045388 Nominal Fixo MWH: 720 Trading last day: 2019-05-31 Trading quotation: €/MWh FTB M Jun-19,Jun 19,,63.87,,63.87,D-1
2019-01-06,ES,Month,ISIN Code: PTFTO0045370 Nominal Fixo MWH: 744 Trading last day: 2019-04-30 Trading quotation: €/MWh FTB M May-19,Mai 19,,58.28,,58.28,D-1
2019-01-06,ES,Month,ISIN Code: PTFTO0045354 Nominal Fixo MWH: 743 Trading last day: 2019-02-28 Trading quotation: €/MWh FTB M Mar-19,Mrz 19,,57.2,,57.2,D-1
2019-01-06,ES,Quarter,ISIN Code: PTFTO0045404 Nominal Fixo MWH: 2183 Trading last day: 2019-12-27 Trading quotation: €/MWh FTB Q1-20,Q1 20,,60.2,,60.2,D-1
2019-01-06,ES,Quarter,ISIN Code: PTFTO0005036 Nominal Fixo MWH: 2184 Trading last day: 2019-03-28 Trading quotation: €/MWh FTB Q2-19,Q2 19,,58.3,,58.3,D-1
2019-01-06,ES,Quarter,ISIN Code: PTFTO0045412 Nominal Fixo MWH: 2184 Trading last day: 2020-03-27 Trading quotation: €/MWh FTB Q2-20,Q2 20,,51.12,,51.12,D-1
2019-01-06,ES,Quarter,ISIN Code: PTFTO0005044 Nominal Fixo MWH: 2208 Trading last day: 2019-06-27 Trading quotation: €/MWh FTB Q3-19,Q3 19,,61.15,,61.15,D-1
2019-01-06,ES,Quarter,ISIN Code: PTFTO0045420 Nominal Fixo MWH: 2208 Trading last day: 2020-06-26 Trading quotation: €/MWh FTB Q3-20,Q3 20,,55.91,,55.91,D-1
2019-01-06,ES,Quarter,ISIN Code: PTFTO0045396 Nominal Fixo MWH: 2209 Trading last day: 2019-09-27 Trading quotation: €/MWh FTB Q4-19,Q4 19,,65.2,,65.2,D-1
2019-01-06,ES,Quarter,ISIN Code: PTFTO0092562 Nominal Fixo MWH: 2209 Trading last day: 2020-09-28 Trading quotation: €/MWh FTB Q4-20,Q4 20,,56.16,,56.16,D-1
2019-01-07,ES,Month,ISIN Code: PTFTO0045362 Nominal Fixo MWH: 720 Trading last day: 2019-03-29 Trading quotation: €/MWh FTB M Apr-19,Apr 19,50.85,52.75,,50.85,D
2019-01-07,ES,Year,ISIN Code: PTFTO0005077 Nominal Fixo MWH: 8784 Trading last day: 2019-12-27 Trading quotation: €/MWh FTB YR-20,Cal 20,54.95,55.85,,54.95,D
2019-01-07,ES,Year,ISIN Code: PTFTO0005085 Nominal Fixo MWH: 8760 Trading last day: 2020-12-29 Trading quotation: €/MWh FTB YR-21,Cal 21,51.15,51.65,,51.15,D
2019-01-07,ES,Year,ISIN Code: PTFTO0045438 Nominal Fixo MWH: 8760 Trading last day: 2021-12-29 Trading quotation: €/MWh FTB YR-22,Cal 22,48.65,48.95,,48.65,D
2019-01-07,ES,Year,ISIN Code: PTFTO0087687 Nominal Fixo MWH: 8760 Trading last day: 2022-12-29 Trading quotation: €/MWh FTB YR-23,Cal 23,47.37,47.68,,47.37,D
2019-01-07,ES,Year,ISIN Code: PTFTO0092604 Nominal Fixo MWH: 8784 Trading last day: 2023-12-28 Trading quotation: €/MWh FTB YR-24,Cal 24,46.95,47.25,,46.95,D
2019-01-07,ES,Month,ISIN Code: PTFTO0045347 Nominal Fixo MWH: 672 Trading last day: 2019-01-31 Trading quotation: €/MWh FTB M Feb-19,Feb 19,62.4,63.45,62.8,62.4,D
2019-01-07,ES,Month,ISIN Code: PTFTO0092448 Nominal Fixo MWH: 744 Trading last day: 2019-06-28 Trading quotation: €/MWh FTB M Jul-19,Jul 19,59.56,60.45,,59.56,D
2019-01-07,ES,Month,ISIN Code: PTFTO0045388 Nominal Fixo MWH: 720 Trading last day: 2019-05-31 Trading quotation: €/MWh FTB M Jun-19,Jun 19,61.57,63.87,,61.57,D
2019-01-07,ES,Month,ISIN Code: PTFTO0045370 Nominal Fixo MWH: 744 Trading last day: 2019-04-30 Trading quotation: €/MWh FTB M May-19,Mai 19,56.18,58.28,,56.18,D
2019-01-07,ES,Month,ISIN Code: PTFTO0045354 Nominal Fixo MWH: 743 Trading last day: 2019-02-28 Trading quotation: €/MWh FTB M Mar-19,Mrz 19,56.35,57.2,,56.35,D
2019-01-07,ES,Quarter,ISIN Code: PTFTO0045404 Nominal Fixo MWH: 2183 Trading last day: 2019-12-27 Trading quotation: €/MWh FTB Q1-20,Q1 20,59.23,60.2,,59.23,D
2019-01-07,ES,Quarter,ISIN Code: PTFTO0005036 Nominal Fixo MWH: 2184 Trading last day: 2019-03-28 Trading quotation: €/MWh FTB Q2-19,Q2 19,56.2,58.3,56.2,56.2,D
2019-01-07,ES,Quarter,ISIN Code: PTFTO0045412 Nominal Fixo MWH: 2184 Trading last day: 2020-03-27 Trading quotation: €/MWh FTB Q2-20,Q2 20,50.3,51.12,,50.3,D
2019-01-07,ES,Quarter,ISIN Code: PTFTO0005044 Nominal Fixo MWH: 2208 Trading last day: 2019-06-27 Trading quotation: €/MWh FTB Q3-19,Q3 19,60.25,61.15,,60.25,D
2019-01-07,ES,Quarter,ISIN Code: PTFTO0045420 Nominal Fixo MWH: 2208 Trading last day: 2020-06-26 Trading quotation: €/MWh FTB Q3-20,Q3 20,55.01,55.91,,55.01,D
2019-01-07,ES,Quarter,ISIN Code: PTFTO0045396 Nominal Fixo MWH: 2209 Trading last day: 2019-09-27 Trading quotation: €/MWh FTB Q4-19,Q4 19,63.75,65.2,,63.75,D
2019-01-07,ES,Quarter,ISIN Code: PTFTO0092562 Nominal Fixo MWH: 2209 Trading last day: 2020-09-28 Trading quotation: €/MWh FTB Q4-20,Q4 20,55.26,56.16,,55.26,D
2019-01-08,ES,Month,ISIN Code: PTFTO0045362 Nominal Fixo MWH: 720 Trading last day: 2019-03-29 Trading quotation: €/MWh FTB M Apr-19,Apr 19,51.39,50.85,,51.39,D
2019-01-08,ES,Year,ISIN Code: PTFTO0005077 Nominal Fixo MWH: 8784 Trading last day: 2019-12-27 Trading quotation: €/MWh FTB YR-20,Cal 20,55.5,54.95,,55.5,D
2019-01-08,ES,Year,ISIN Code: PTFTO0005085 Nominal Fixo MWH: 8760 Trading last day: 2020-12-29 Trading quotation: €/MWh FTB YR-21,Cal 21,51.3,51.15,,51.3,D
2019-01-08,ES,Year,ISIN Code: PTFTO0045438 Nominal Fixo MWH: 8760 Trading last day: 2021-12-29 Trading quotation: €/MWh FTB YR-22,Cal 22,49.25,48.65,,49.25,D
2019-01-08,ES,Year,ISIN Code: PTFTO0087687 Nominal Fixo MWH: 8760 Trading last day: 2022-12-29 Trading quotation: €/MWh FTB YR-23,Cal 23,47.88,47.37,,47.88,D
2019-01-08,ES,Year,ISIN Code: PTFTO0092604 Nominal Fixo MWH: 8784 Trading last day: 2023-12-28 Trading quotation: €/MWh FTB YR-24,Cal 24,47.28,46.95,,47.28,D
2019-01-08,ES,Year,ISIN Code: PTFTO0133275 Nominal Fixo MWH: 8760 Trading last day: 2024-12-27 Trading quotation: €/MWh FTB YR-25,Cal 25,46.8,,,46.8,D
2019-01-08,ES,Year,ISIN Code: PTFTO0133283 Nominal Fixo MWH: 8760 Trading last day: 2025-12-29 Trading quotation: €/MWh FTB YR-26,Cal 26,46.8,,,46.8,D
2019-01-08,ES,Month,ISIN Code: PTFTO0045347 Nominal Fixo MWH: 672 Trading last day: 2019-01-31 Trading quotation: €/MWh FTB M Feb-19,Feb 19,63.25,62.4,63.25,63.25,D
2019-01-08,ES,Month,ISIN Code: PTFTO0092448 Nominal Fixo MWH: 744 Trading last day: 2019-06-28 Trading quotation: €/MWh FTB M Jul-19,Jul 19,60.2,59.56,,60.2,D
2019-01-08,ES,Month,ISIN Code: PTFTO0045388 Nominal Fixo MWH: 720 Trading last day: 2019-05-31 Trading quotation: €/MWh FTB M Jun-19,Jun 19,62.23,61.57,,62.23,D
2019-01-08,ES,Month,ISIN Code: PTFTO0045370 Nominal Fixo MWH: 744 Trading last day: 2019-04-30 Trading quotation: €/MWh FTB M May-19,Mai 19,56.78,56.18,,56.78,D
2019-01-08,ES,Month,ISIN Code: PTFTO0045354 Nominal Fixo MWH: 743 Trading last day: 2019-02-28 Trading quotation: €/MWh FTB M Mar-19,Mrz 19,56.45,56.35,,56.45,D
2019-01-08,ES,Quarter,ISIN Code: PTFTO0045404 Nominal Fixo MWH: 2183 Trading last day: 2019-12-27 Trading quotation: €/MWh FTB Q1-20,Q1 20,60.0,59.23,,60.0,D
2019-01-08,ES,Quarter,ISIN Code: PTFTO0005036 Nominal Fixo MWH: 2184 Trading last day: 2019-03-28 Trading quotation: €/MWh FTB Q2-19,Q2 19,56.8,56.2,,56.8,D
2019-01-08,ES,Quarter,ISIN Code: PTFTO0045412 Nominal Fixo MWH: 2184 Trading last day: 2020-03-27 Trading quotation: €/MWh FTB Q2-20,Q2 20,50.75,50.3,,50.75,D
2019-01-08,ES,Quarter,ISIN Code: PTFTO0005044 Nominal Fixo MWH: 2208 Trading last day: 2019-06-27 Trading quotation: €/MWh FTB Q3-19,Q3 19,60.9,60.25,,60.9,D
2019-01-08,ES,Quarter,ISIN Code: PTFTO0045420 Nominal Fixo MWH: 2208 Trading last day: 2020-06-26 Trading quotation: €/MWh FTB Q3-20,Q3 20,55.5,55.01,,55.5,D
2019-01-08,ES,Quarter,ISIN Code: PTFTO0045396 Nominal Fixo MWH: 2209 Trading last day: 2019-09-27 Trading quotation: €/MWh FTB Q4-19,Q4 19,64.0,63.75,,64.0,D
2019-01-08,ES,Quarter,ISIN Code: PTFTO0092562 Nominal Fixo MWH: 2209 Trading last day: 2020-09-28 Trading quotation: €/MWh FTB Q4-20,Q4 20,55.75,55.26,,55.75,D
2019-01-09,ES,Month,ISIN Code: PTFTO0045362 Nominal Fixo MWH: 720 Trading last day: 2019-03-29 Trading quotation: €/MWh FTB M Apr-19,Apr 19,53.5,51.39,,53.5,D
2019-01-09,ES,Year,ISIN Code: PTFTO0005077 Nominal Fixo MWH: 8784 Trading last day: 2019-12-27 Trading quotation: €/MWh FTB YR-20,Cal 20,55.25,55.5,55.6,55.25,D
2019-01-09,ES,Year,ISIN Code: PTFTO0005085 Nominal Fixo MWH: 8760 Trading last day: 2020-12-29 Trading quotation: €/MWh FTB YR-21,Cal 21,50.75,51.3,,50.75,D
2019-01-09,ES,Year,ISIN Code: PTFTO0045438 Nominal Fixo MWH: 8760 Trading last day: 2021-12-29 Trading quotation: €/MWh FTB YR-22,Cal 22,49.0,49.25,,49.0,D
2019-01-09,ES,Year,ISIN Code: PTFTO0087687 Nominal Fixo MWH: 8760 Trading last day: 2022-12-29 Trading quotation: €/MWh FTB YR-23,Cal 23,47.45,47.88,,47.45,D
2019-01-09,ES,Year,ISIN Code: PTFTO0092604 Nominal Fixo MWH: 8784 Trading last day: 2023-12-28 Trading quotation: €/MWh FTB YR-24,Cal 24,46.85,47.28,,46.85,D
2019-01-09,ES,Year,ISIN Code: PTFTO0133275 Nominal Fixo MWH: 8760 Trading last day: 2024-12-27 Trading quotation: €/MWh FTB YR-25,Cal 25,46.37,46.8,,46.37,D
2019-01-09,ES,Year,ISIN Code: PTFTO0133283 Nominal Fixo MWH: 8760 Trading last day: 2025-12-29 Trading quotation: €/MWh FTB YR-26,Cal 26,46.37,46.8,,46.37,D
2019-01-09,ES,Month,ISIN Code: PTFTO0045347 Nominal Fixo MWH: 672 Trading last day: 2019-01-31 Trading quotation: €/MWh FTB M Feb-19,Feb 19,62.4,63.25,62.75,62.4,D
2019-01-09,ES,Month,ISIN Code: PTFTO0092448 Nominal Fixo MWH: 744 Trading last day: 2019-06-28 Trading quotation: €/MWh FTB M Jul-19,Jul 19,59.76,60.2,,59.76,D
2019-01-09,ES,Month,ISIN Code: PTFTO0045388 Nominal Fixo MWH: 720 Trading last day: 2019-05-31 Trading quotation: €/MWh FTB M Jun-19,Jun 19,60.6,62.23,,60.6,D
2019-01-09,ES,Month,ISIN Code: PTFTO0045370 Nominal Fixo MWH: 744 Trading last day: 2019-04-30 Trading quotation: €/MWh FTB M May-19,Mai 19,55.29,56.78,,55.29,D
2019-01-09,ES,Month,ISIN Code: PTFTO0045354 Nominal Fixo MWH: 743 Trading last day: 2019-02-28 Trading quotation: €/MWh FTB M Mar-19,Mrz 19,56.0,56.45,56.35,56.0,D
2019-01-09,ES,Quarter,ISIN Code: PTFTO0045404 Nominal Fixo MWH: 2183 Trading last day: 2019-12-27 Trading quotation: €/MWh FTB Q1-20,Q1 20,59.73,60.0,,59.73,D
2019-01-09,ES,Quarter,ISIN Code: PTFTO0005036 Nominal Fixo MWH: 2184 Trading last day: 2019-03-28 Trading quotation: €/MWh FTB Q2-19,Q2 19,56.45,56.8,,56.45,D
2019-01-09,ES,Quarter,ISIN Code: PTFTO0045412 Nominal Fixo MWH: 2184 Trading last day: 2020-03-27 Trading quotation: €/MWh FTB Q2-20,Q2 20,50.52,50.75,,50.52,D
2019-01-09,ES,Quarter,ISIN Code: PTFTO0005044 Nominal Fixo MWH: 2208 Trading last day: 2019-06-27 Trading quotation: €/MWh FTB Q3-19,Q3 19,60.45,60.9,,60.45,D
2019-01-09,ES,Quarter,ISIN Code: PTFTO0045420 Nominal Fixo MWH: 2208 Trading last day: 2020-06-26 Trading quotation: €/MWh FTB Q3-20,Q3 20,55.25,55.5,,55.25,D
2019-01-09,ES,Quarter,ISIN Code: PTFTO0045396 Nominal Fixo MWH: 2209 Trading last day: 2019-09-27 Trading quotation: €/MWh FTB Q4-19,Q4 19,63.15,64.0,,63.15,D
2019-01-09,ES,Quarter,ISIN Code: PTFTO0092562 Nominal Fixo MWH: 2209 Trading last day: 2020-09-28 Trading quotation: €/MWh FTB Q4-20,Q4 20,55.5,55.75,,55.5,D
2019-01-10,ES,Month,ISIN Code: PTFTO0045362 Nominal Fixo MWH: 720 Trading last day: 2019-03-29 Trading quotation: €/MWh FTB M Apr-19,Apr 19,53.13,53.5,,53.13,D
2019-01-10,ES,Year,ISIN Code: PTFTO0005077 Nominal Fixo MWH: 8784 Trading last day: 2019-12-27 Trading quotation: €/MWh FTB YR-20,Cal 20,55.18,55.25,,55.18,D
2019-01-10,ES,Year,ISIN Code: PTFTO0005085 Nominal Fixo MWH: 8760 Trading last day: 2020-12-29 Trading quotation: €/MWh FTB YR-21,Cal 21,50.8,50.75,,50.8,D
2019-01-10,ES,Year,ISIN Code: PTFTO0045438 Nominal Fixo MWH: 8760 Trading last day: 2021-12-29 Trading quotation: €/MWh FTB YR-22,Cal 22,48.58,49.0,,48.58,D
2019-01-10,ES,Year,ISIN Code: PTFTO0087687 Nominal Fixo MWH: 8760 Trading last day: 2022-12-29 Trading quotation: €/MWh FTB YR-23,Cal 23,47.7,47.45,,47.7,D
2019-01-10,ES,Year,ISIN Code: PTFTO0092604 Nominal Fixo MWH: 8784 Trading last day: 2023-12-28 Trading quotation: €/MWh FTB YR-24,Cal 24,46.95,46.85,,46.95,D
2019-01-10,ES,Year,ISIN Code: PTFTO0133275 Nominal Fixo MWH: 8760 Trading last day: 2024-12-27 Trading quotation: €/MWh FTB YR-25,Cal 25,46.58,46.37,,46.58,D
2019-01-10,ES,Year,ISIN Code: PTFTO0133283 Nominal Fixo MWH: 8760 Trading last day: 2025-12-29 Trading quotation: €/MWh FTB YR-26,Cal 26,46.58,46.37,,46.58,D
2019-01-10,ES,Month,ISIN Code: PTFTO0045347 Nominal Fixo MWH: 672 Trading last day: 2019-01-31 Trading quotation: €/MWh FTB M Feb-19,Feb 19,61.9,62.4,,61.9,D
2019-01-10,ES,Month,ISIN Code: PTFTO0092448 Nominal Fixo MWH: 744 Trading last day: 2019-06-28 Trading quotation: €/MWh FTB M Jul-19,Jul 19,59.81,59.76,,59.81,D
2019-01-10,ES,Month,ISIN Code: PTFTO0045388 Nominal Fixo MWH: 720 Trading last day: 2019-05-31 Trading quotation: €/MWh FTB M Jun-19,Jun 19,61.02,60.6,,61.02,D
2019-01-10,ES,Month,ISIN Code: PTFTO0045370 Nominal Fixo MWH: 744 Trading last day: 2019-04-30 Trading quotation: €/MWh FTB M May-19,Mai 19,55.68,55.29,,55.68,D
2019-01-10,ES,Month,ISIN Code: PTFTO0045354 Nominal Fixo MWH: 743 Trading last day: 2019-02-28 Trading quotation: €/MWh FTB M Mar-19,Mrz 19,56.0,56.0,,56.0,D
2019-01-10,ES,Quarter,ISIN Code: PTFTO0045404 Nominal Fixo MWH: 2183 Trading last day: 2019-12-27 Trading quotation: €/MWh FTB Q1-20,Q1 20,59.65,59.73,,59.65,D
2019-01-10,ES,Quarter,ISIN Code: PTFTO0005036 Nominal Fixo MWH: 2184 Trading last day: 2019-03-28 Trading quotation: €/MWh FTB Q2-19,Q2 19,56.6,56.45,,56.6,D
2019-01-10,ES,Quarter,ISIN Code: PTFTO0045412 Nominal Fixo MWH: 2184 Trading last day: 2020-03-27 Trading quotation: €/MWh FTB Q2-20,Q2 20,50.46,50.52,,50.46,D
2019-01-10,ES,Quarter,ISIN Code: PTFTO0005044 Nominal Fixo MWH: 2208 Trading last day: 2019-06-27 Trading quotation: €/MWh FTB Q3-19,Q3 19,60.5,60.45,,60.5,D
2019-01-10,ES,Quarter,ISIN Code: PTFTO0045420 Nominal Fixo MWH: 2208 Trading last day: 2020-06-26 Trading quotation: €/MWh FTB Q3-20,Q3 20,55.18,55.25,,55.18,D
2019-01-10,ES,Quarter,ISIN Code: PTFTO0045396 Nominal Fixo MWH: 2209 Trading last day: 2019-09-27 Trading quotation: €/MWh FTB Q4-19,Q4 19,63.85,63.15,,63.85,D
2019-01-10,ES,Quarter,ISIN Code: PTFTO0092562 Nominal Fixo MWH: 2209 Trading last day: 2020-09-28 Trading quotation: €/MWh FTB Q4-20,Q4 20,55.43,55.5,,55.43,D
2019-01-11,ES,Month,ISIN Code: PTFTO0045362 Nominal Fixo MWH: 720 Trading last day: 2019-03-29 Trading quotation: €/MWh FTB M Apr-19,Apr 19,53.85,53.13,,53.85,D
2019-01-11,ES,Year,ISIN Code: PTFTO0005077 Nominal Fixo MWH: 8784 Trading last day: 2019-12-27 Trading quotation: €/MWh FTB YR-20,Cal 20,55.5,55.18,,55.5,D
2019-01-11,ES,Year,ISIN Code: PTFTO0005085 Nominal Fixo MWH: 8760 Trading last day: 2020-12-29 Trading quotation: €/MWh FTB YR-21,Cal 21,50.7,50.8,,50.7,D
2019-01-11,ES,Year,ISIN Code: PTFTO0045438 Nominal Fixo MWH: 8760 Trading last day: 2021-12-29 Trading quotation: €/MWh FTB YR-22,Cal 22,48.48,48.58,,48.48,D
2019-01-11,ES,Year,ISIN Code: PTFTO0087687 Nominal Fixo MWH: 8760 Trading last day: 2022-12-29 Trading quotation: €/MWh FTB YR-23,Cal 23,47.6,47.7,,47.6,D
2019-01-11,ES,Year,ISIN Code: PTFTO0092604 Nominal Fixo MWH: 8784 Trading last day: 2023-12-28 Trading quotation: €/MWh FTB YR-24,Cal 24,46.85,46.95,,46.85,D
2019-01-11,ES,Year,ISIN Code: PTFTO0133275 Nominal Fixo MWH: 8760 Trading last day: 2024-12-27 Trading quotation: €/MWh FTB YR-25,Cal 25,46.48,46.58,,46.48,D
2019-01-11,ES,Year,ISIN Code: PTFTO0133283 Nominal Fixo MWH: 8760 Trading last day: 2025-12-29 Trading quotation: €/MWh FTB YR-26,Cal 26,46.48,46.58,,46.48,D
2019-01-11,ES,Month,ISIN Code: PTFTO0045347 Nominal Fixo MWH: 672 Trading last day: 2019-01-31 Trading quotation: €/MWh FTB M Feb-19,Feb 19,61.7,61.9,61.6,61.7,D
2019-01-11,ES,Month,ISIN Code: PTFTO0092448 Nominal Fixo MWH: 744 Trading last day: 2019-06-28 Trading quotation: €/MWh FTB M Jul-19,Jul 19,60.11,59.81,,60.11,D
2019-01-11,ES,Month,ISIN Code: PTFTO0045388 Nominal Fixo MWH: 720 Trading last day: 2019-05-31 Trading quotation: €/MWh FTB M Jun-19,Jun 19,61.27,61.02,,61.27,D
2019-01-11,ES,Month,ISIN Code: PTFTO0045370 Nominal Fixo MWH: 744 Trading last day: 2019-04-30 Trading quotation: €/MWh FTB M May-19,Mai 19,55.91,55.68,,55.91,D
2019-01-11,ES,Month,ISIN Code: PTFTO0045354 Nominal Fixo MWH: 743 Trading last day: 2019-02-28 Trading quotation: €/MWh FTB M Mar-19,Mrz 19,56.3,56.0,,56.3,D
2019-01-11,ES,Quarter,ISIN Code: PTFTO0045404 Nominal Fixo MWH: 2183 Trading last day: 2019-12-27 Trading quotation: €/MWh FTB Q1-20,Q1 20,60.0,59.65,,60.0,D
2019-01-11,ES,Quarter,ISIN Code: PTFTO0005036 Nominal Fixo MWH: 2184 Trading last day: 2019-03-28 Trading quotation: €/MWh FTB Q2-19,Q2 19,57.0,56.6,57.0,57.0,D
2019-01-11,ES,Quarter,ISIN Code: PTFTO0045412 Nominal Fixo MWH: 2184 Trading last day: 2020-03-27 Trading quotation: €/MWh FTB Q2-20,Q2 20,50.75,50.46,,50.75,D
2019-01-11,ES,Quarter,ISIN Code: PTFTO0005044 Nominal Fixo MWH: 2208 Trading last day: 2019-06-27 Trading quotation: €/MWh FTB Q3-19,Q3 19,60.8,60.5,60.8,60.8,D
2019-01-11,ES,Quarter,ISIN Code: PTFTO0045420 Nominal Fixo MWH: 2208 Trading last day: 2020-06-26 Trading quotation: €/MWh FTB Q3-20,Q3 20,55.5,55.18,,55.5,D
2019-01-11,ES,Quarter,ISIN Code: PTFTO0045396 Nominal Fixo MWH: 2209 Trading last day: 2019-09-27 Trading quotation: €/MWh FTB Q4-19,Q4 19,64.0,63.85,,64.0,D
2019-01-11,ES,Quarter,ISIN Code: PTFTO0092562 Nominal Fixo MWH: 2209 Trading last day: 2020-09-28 Trading quotation: €/MWh FTB Q4-20,Q4 20,55.75,55.43,,55.75,D
2019-01-12,ES,Month,ISIN Code: PTFTO0045362 Nominal Fixo MWH: 720 Trading last day: 2019-03-29 Trading quotation: €/MWh FTB M Apr-19,Apr 19,,53.85,,53.85,D-1
2019-01-12,ES,Year,ISIN Code: PTFTO0005077 Nominal Fixo MWH: 8784 Trading last day: 2019-12-27 Trading quotation: €/MWh FTB YR-20,Cal 20,,55.5,,55.5,D-1
2019-01-12,ES,Year,ISIN Code: PTFTO0005085 Nominal Fixo MWH: 8760 Trading last day: 2020-12-29 Trading quotation: €/MWh FTB YR-21,Cal 21,,50.7,,50.7,D-1
2019-01-12,ES,Year,ISIN Code: PTFTO0045438 Nominal Fixo MWH: 8760 Trading last day: 2021-12-29 Trading quotation: €/MWh FTB YR-22,Cal 22,,48.48,,48.48,D-1
2019-01-12,ES,Year,ISIN Code: PTFTO0087687 Nominal Fixo MWH: 8760 Trading last day: 2022-12-29 Trading quotation: €/MWh FTB YR-23,Cal 23,,47.6,,47.6,D-1
2019-01-12,ES,Year,ISIN Code: PTFTO0092604 Nominal Fixo MWH: 8784 Trading last day: 2023-12-28 Trading quotation: €/MWh FTB YR-24,Cal 24,,46.85,,46.85,D-1
2019-01-12,ES,Year,ISIN Code: PTFTO0133275 Nominal Fixo MWH: 8760 Trading last day: 2024-12-27 Trading quotation: €/MWh FTB YR-25,Cal 25,,46.48,,46.48,D-1
2019-01-12,ES,Year,ISIN Code: PTFTO0133283 Nominal Fixo MWH: 8760 Trading last day: 2025-12-29 Trading quotation: €/MWh FTB YR-26,Cal 26,,46.48,,46.48,D-1
2019-01-12,ES,Month,ISIN Code: PTFTO0045347 Nominal Fixo MWH: 672 Trading last day: 2019-01-31 Trading quotation: €/MWh FTB M Feb-19,Feb 19,,61.7,,61.7,D-1
2019-01-12,ES,Month,ISIN Code: PTFTO0092448 Nominal Fixo MWH: 744 Trading last day: 2019-06-28 Trading quotation: €/MWh FTB M Jul-19,Jul 19,,60.11,,60.11,D-1
2019-01-12,ES,Month,ISIN Code: PTFTO0045388 Nominal Fixo MWH: 720 Trading last day: 2019-05-31 Trading quotation: €/MWh FTB M Jun-19,Jun 19,,61.27,,61.27,D-1
2019-01-12,ES,Month,ISIN Code: PTFTO0045370 Nominal Fixo MWH: 744 Trading last day: 2019-04-30 Trading quotation: €/MWh FTB M May-19,Mai 19,,55.91,,55.91,D-1
2019-01-12,ES,Month,ISIN Code: PTFTO0045354 Nominal Fixo MWH: 743 Trading last day: 2019-02-28 Trading quotation: €/MWh FTB M Mar-19,Mrz 19,,56.3,,56.3,D-1
2019-01-12,ES,Quarter,ISIN Code: PTFTO0045404 Nominal Fixo MWH: 2183 Trading last day: 2019-12-27 Trading quotation: €/MWh FTB Q1-20,Q1 20,,60.0,,60.0,D-1
2019-01-12,ES,Quarter,ISIN Code: PTFTO0005036 Nominal Fixo MWH: 2184 Trading last day: 2019-03-28 Trading quotation: €/MWh FTB Q2-19,Q2 19,,57.0,,57.0,D-1
2019-01-12,ES,Quarter,ISIN Code: PTFTO0045412 Nominal Fixo MWH: 2184 Trading last day: 2020-03-27 Trading quotation: €/MWh FTB Q2-20,Q2 20,,50.75,,50.75,D-1
2019-01-12,ES,Quarter,ISIN Code: PTFTO0005044 Nominal Fixo MWH: 2208 Trading last day: 2019-06-27 Trading quotation: €/MWh FTB Q3-19,Q3 19,,60.8,,60.8,D-1
2019-01-12,ES,Quarter,ISIN Code: PTFTO0045420 Nominal Fixo MWH: 2208 Trading last day: 2020-06-26 Trading quotation: €/MWh FTB Q3-20,Q3 20,,55.5,,55.5,D-1
2019-01-12,ES,Quarter,ISIN Code: PTFTO0045396 Nominal Fixo MWH: 2209 Trading last day: 2019-09-27 Trading quotation: €/MWh FTB Q4-19,Q4 19,,64.0,,64.0,D-1
2019-01-12,ES,Quarter,ISIN Code: PTFTO0092562 Nominal Fixo MWH: 2209 Trading last day: 2020-09-28 Trading quotation: €/MWh FTB Q4-20,Q4 20,,55.75,,55.75,D-1
2019-01-13,ES,Month,ISIN Code: PTFTO0045362 Nominal Fixo MWH: 720 Trading last day: 2019-03-29 Trading quotation: €/MWh FTB M Apr-19,Apr 19,,53.85,,53.85,D-1
2019-01-13,ES,Year,ISIN Code: PTFTO0005077 Nominal Fixo MWH: 8784 Trading last day: 2019-12-27 Trading quotation: €/MWh FTB YR-20,Cal 20,,55.5,,55.5,D-1
2019-01-13,ES,Year,ISIN Code: PTFTO0005085 Nominal Fixo MWH: 8760 Trading last day: 2020-12-29 Trading quotation: €/MWh FTB YR-21,Cal 21,,50.7,,50.7,D-1
2019-01-13,ES,Year,ISIN Code: PTFTO0045438 Nominal Fixo MWH: 8760 Trading last day: 2021-12-29 Trading quotation: €/MWh FTB YR-22,Cal 22,,48.48,,48.48,D-1
2019-01-13,ES,Year,ISIN Code: PTFTO0087687 Nominal Fixo MWH: 8760 Trading last day: 2022-12-29 Trading quotation: €/MWh FTB YR-23,Cal 23,,47.6,,47.6,D-1
2019-01-13,ES,Year,ISIN Code: PTFTO0092604 Nominal Fixo MWH: 8784 Trading last day: 2023-12-28 Trading quotation: €/MWh FTB YR-24,Cal 24,,46.85,,46.85,D-1
2019-01-13,ES,Year,ISIN Code: PTFTO0133275 Nominal Fixo MWH: 8760 Trading last day: 2024-12-27 Trading quotation: €/MWh FTB YR-25,Cal 25,,46.48,,46.48,D-1
2019-01-13,ES,Year,ISIN Code: PTFTO0133283 Nominal Fixo MWH: 8760 Trading last day: 2025-12-29 Trading quotation: €/MWh FTB YR-26,Cal 26,,46.48,,46.48,D-1
2019-01-13,ES,Month,ISIN Code: PTFTO0045347 Nominal Fixo MWH: 672 Trading last day: 2019-01-31 Trading quotation: €/MWh FTB M Feb-19,Feb 19,,61.7,,61.7,D-1
2019-01-13,ES,Month,ISIN Code: PTFTO0092448 Nominal Fixo MWH: 744 Trading last day: 2019-06-28 Trading quotation: €/MWh FTB M Jul-19,Jul 19,,60.11,,60.11,D-1
2019-01-13,ES,Month,ISIN Code: PTFTO0045388 Nominal Fixo MWH: 720 Trading last day: 2019-05-31 Trading quotation: €/MWh FTB M Jun-19,Jun 19,,61.27,,61.27,D-1
2019-01-13,ES,Month,ISIN Code: PTFTO0045370 Nominal Fixo MWH: 744 Trading last day: 2019-04-30 Trading quotation: €/MWh FTB M May-19,Mai 19,,55.91,,55.91,D-1
2019-01-13,ES,Month,ISIN Code: PTFTO0045354 Nominal Fixo MWH: 743 Trading last day: 2019-02-28 Trading quotation: €/MWh FTB M Mar-19,Mrz 19,,56.3,,56.3,D-1
2019-01-13,ES,Quarter,ISIN Code: PTFTO0045404 Nominal Fixo MWH: 2183 Trading last day: 2019-12-27 Trading quotation: €/MWh FTB Q1-20,Q1 20,,60.0,,60.0,D-1
2019-01-13,ES,Quarter,ISIN Code: PTFTO0005036 Nominal Fixo MWH: 2184 Trading last day: 2019-03-28 Trading quotation: €/MWh FTB Q2-19,Q2 19,,57.0,,57.0,D-1
2019-01-13,ES,Quarter,ISIN Code: PTFTO0045412 Nominal Fixo MWH: 2184 Trading last day: 2020-03-27 Trading quotation: €/MWh FTB Q2-20,Q2 20,,50.75,,50.75,D-1
2019-01-13,ES,Quarter,ISIN Code: PTFTO0005044 Nominal Fixo MWH: 2208 Trading last day: 2019-06-27 Trading quotation: €/MWh FTB Q3-19,Q3 19,,60.8,,60.8,D-1
2019-01-13,ES,Quarter,ISIN Code: PTFTO0045420 Nominal Fixo MWH: 2208 Trading last day: 2020-06-26 Trading quotation: €/MWh FTB Q3-20,Q3 20,,55.5,,55.5,D-1
2019-01-13,ES,Quarter,ISIN Code: PTFTO0045396 Nominal Fixo MWH: 2209 Trading last day: 2019-09-27 Trading quotation: €/MWh FTB Q4-19,Q4 19,,64.0,,64.0,D-1
2019-01-13,ES,Quarter,ISIN Code: PTFTO0092562 Nominal Fixo MWH: 2209 Trading last day: 2020-09-28 Trading quotation: €/MWh FTB Q4-20,Q4 20,,55.75,,55.75,D-1
2019-01-14,ES,Month,ISIN Code: PTFTO0045362 Nominal Fixo MWH: 720 Trading last day: 2019-03-29 Trading quotation: €/MWh FTB M Apr-19,Apr 19,53.71,53.85,,53.71,D
2019-01-14,ES,Year,ISIN Code: PTFTO0005077 Nominal Fixo MWH: 8784 Trading last day: 2019-12-27 Trading quotation: €/MWh FTB YR-20,Cal 20,55.43,55.5,,55.43,D
2019-01-14,ES,Year,ISIN Code: PTFTO0005085 Nominal Fixo MWH: 8760 Trading last day: 2020-12-29 Trading quotation: €/MWh FTB YR-21,Cal 21,50.88,50.7,,50.88,D
2019-01-14,ES,Year,ISIN Code: PTFTO0045438 Nominal Fixo MWH: 8760 Trading last day: 2021-12-29 Trading quotation: €/MWh FTB YR-22,Cal 22,48.66,48.48,,48.66,D
2019-01-14,ES,Year,ISIN Code: PTFTO0087687 Nominal Fixo MWH: 8760 Trading last day: 2022-12-29 Trading quotation: €/MWh FTB YR-23,Cal 23,47.78,47.6,,47.78,D
2019-01-14,ES,Year,ISIN Code: PTFTO0092604 Nominal Fixo MWH: 8784 Trading last day: 2023-12-28 Trading quotation: €/MWh FTB YR-24,Cal 24,47.03,46.85,,47.03,D
2019-01-14,ES,Year,ISIN Code: PTFTO0133275 Nominal Fixo MWH: 8760 Trading last day: 2024-12-27 Trading quotation: €/MWh FTB YR-25,Cal 25,46.66,46.48,,46.66,D
2019-01-14,ES,Year,ISIN Code: PTFTO0133283 Nominal Fixo MWH: 8760 Trading last day: 2025-12-29 Trading quotation: €/MWh FTB YR-26,Cal 26,46.66,46.48,,46.66,D
2019-01-14,ES,Month,ISIN Code: PTFTO0045347 Nominal Fixo MWH: 672 Trading last day: 2019-01-31 Trading quotation: €/MWh FTB M Feb-19,Feb 19,60.25,61.7,60.05,60.25,D
2019-01-14,ES,Month,ISIN Code: PTFTO0092448 Nominal Fixo MWH: 744 Trading last day: 2019-06-28 Trading quotation: €/MWh FTB M Jul-19,Jul 19,60.26,60.11,,60.26,D
2019-01-14,ES,Month,ISIN Code: PTFTO0045388 Nominal Fixo MWH: 720 Trading last day: 2019-05-31 Trading quotation: €/MWh FTB M Jun-19,Jun 19,61.11,61.27,,61.11,D
2019-01-14,ES,Month,ISIN Code: PTFTO0045370 Nominal Fixo MWH: 744 Trading last day: 2019-04-30 Trading quotation: €/MWh FTB M May-19,Mai 19,55.76,55.91,,55.76,D
2019-01-14,ES,Month,ISIN Code: PTFTO0045354 Nominal Fixo MWH: 743 Trading last day: 2019-02-28 Trading quotation: €/MWh FTB M Mar-19,Mrz 19,55.5,56.3,55.5,55.5,D
2019-01-14,ES,Quarter,ISIN Code: PTFTO0045404 Nominal Fixo MWH: 2183 Trading last day: 2019-12-27 Trading quotation: €/MWh FTB Q1-20,Q1 20,59.92,60.0,,59.92,D
2019-01-14,ES,Quarter,ISIN Code: PTFTO0005036 Nominal Fixo MWH: 2184 Trading last day: 2019-03-28 Trading quotation: €/MWh FTB Q2-19,Q2 19,56.85,57.0,,56.85,D
2019-01-14,ES,Quarter,ISIN Code: PTFTO0045412 Nominal Fixo MWH: 2184 Trading last day: 2020-03-27 Trading quotation: €/MWh FTB Q2-20,Q2 20,50.69,50.75,,50.69,D
2019-01-14,ES,Quarter,ISIN Code: PTFTO0005044 Nominal Fixo MWH: 2208 Trading last day: 2019-06-27 Trading quotation: €/MWh FTB Q3-19,Q3 19,60.95,60.8,,60.95,D
2019-01-14,ES,Quarter,ISIN Code: PTFTO0045420 Nominal Fixo MWH: 2208 Trading last day: 2020-06-26 Trading quotation: €/MWh FTB Q3-20,Q3 20,55.43,55.5,,55.43,D
2019-01-14,ES,Quarter,ISIN Code: PTFTO0045396 Nominal Fixo MWH: 2209 Trading last day: 2019-09-27 Trading quotation: €/MWh FTB Q4-19,Q4 19,63.6,64.0,63.6,63.6,D
2019-01-14,ES,Quarter,ISIN Code: PTFTO0092562 Nominal Fixo MWH: 2209 Trading last day: 2020-09-28 Trading quotation: €/MWh FTB Q4-20,Q4 20,55.68,55.75,,55.68,D
2019-01-15,ES,Month,ISIN Code: PTFTO0045362 Nominal Fixo MWH: 720 Trading last day: 2019-03-29 Trading quotation: €/MWh FTB M Apr-19,Apr 19,53.85,53.71,,53.85,D
2019-01-15,ES,Year,ISIN Code: PTFTO0005077 Nominal Fixo MWH: 8784 Trading last day: 2019-12-27 Trading quotation: €/MWh FTB YR-20,Cal 20,55.5,55.43,55.5,55.5,D
2019-01-15,ES,Year,ISIN Code: PTFTO0005085 Nominal Fixo MWH: 8760 Trading last day: 2020-12-29 Trading quotation: €/MWh FTB YR-21,Cal 21,50.6,50.88,,50.6,D
2019-01-15,ES,Year,ISIN Code: PTFTO0045438 Nominal Fixo MWH: 8760 Trading last day: 2021-12-29 Trading quotation: €/MWh FTB YR-22,Cal 22,48.38,48.66,,48.38,D
2019-01-15,ES,Year,ISIN Code: PTFTO0087687 Nominal Fixo MWH: 8760 Trading last day: 2022-12-29 Trading quotation: €/MWh FTB YR-23,Cal 23,47.5,47.78,,47.5,D
2019-01-15,ES,Year,ISIN Code: PTFTO0092604 Nominal Fixo MWH: 8784 Trading last day: 2023-12-28 Trading quotation: €/MWh FTB YR-24,Cal 24,46.75,47.03,,46.75,D
2019-01-15,ES,Year,ISIN Code: PTFTO0133275 Nominal Fixo MWH: 8760 Trading last day: 2024-12-27 Trading quotation: €/MWh FTB YR-25,Cal 25,46.38,46.66,,46.38,D
2019-01-15,ES,Year,ISIN Code: PTFTO0133283 Nominal Fixo MWH: 8760 Trading last day: 2025-12-29 Trading quotation: €/MWh FTB YR-26,Cal 26,46.38,46.66,,46.38,D
2019-01-15,ES,Month,ISIN Code: PTFTO0045347 Nominal Fixo MWH: 672 Trading last day: 2019-01-31 Trading quotation: €/MWh FTB M Feb-19,Feb 19,60.35,60.25,60.35,60.35,D
2019-01-15,ES,Month,ISIN Code: PTFTO0092448 Nominal Fixo MWH: 744 Trading last day: 2019-06-28 Trading quotation: €/MWh FTB M Jul-19,Jul 19,60.41,60.26,,60.41,D
2019-01-15,ES,Month,ISIN Code: PTFTO0045388 Nominal Fixo MWH: 720 Trading last day: 2019-05-31 Trading quotation: €/MWh FTB M Jun-19,Jun 19,61.27,61.11,,61.27,D
2019-01-15,ES,Month,ISIN Code: PTFTO0045370 Nominal Fixo MWH: 744 Trading last day: 2019-04-30 Trading quotation: €/MWh FTB M May-19,Mai 19,55.91,55.76,,55.91,D
2019-01-15,ES,Month,ISIN Code: PTFTO0045354 Nominal Fixo MWH: 743 Trading last day: 2019-02-28 Trading quotation: €/MWh FTB M Mar-19,Mrz 19,54.78,55.5,,54.78,D
2019-01-15,ES,Quarter,ISIN Code: PTFTO0045404 Nominal Fixo MWH: 2183 Trading last day: 2019-12-27 Trading quotation: €/MWh FTB Q1-20,Q1 20,60.0,59.92,,60.0,D
2019-01-15,ES,Quarter,ISIN Code: PTFTO0005036 Nominal Fixo MWH: 2184 Trading last day: 2019-03-28 Trading quotation: €/MWh FTB Q2-19,Q2 19,57.0,56.85,,57.0,D
2019-01-15,ES,Quarter,ISIN Code: PTFTO0045412 Nominal Fixo MWH: 2184 Trading last day: 2020-03-27 Trading quotation: €/MWh FTB Q2-20,Q2 20,50.75,50.69,,50.75,D
2019-01-15,ES,Quarter,ISIN Code: PTFTO0005044 Nominal Fixo MWH: 2208 Trading last day: 2019-06-27 Trading quotation: €/MWh FTB Q3-19,Q3 19,61.1,60.95,,61.1,D
2019-01-15,ES,Quarter,ISIN Code: PTFTO0045420 Nominal Fixo MWH: 2208 Trading last day: 2020-06-26 Trading quotation: €/MWh FTB Q3-20,Q3 20,55.5,55.43,,55.5,D
2019-01-15,ES,Quarter,ISIN Code: PTFTO0045396 Nominal Fixo MWH: 2209 Trading last day: 2019-09-27 Trading quotation: €/MWh FTB Q4-19,Q4 19,63.85,63.6,,63.85,D
2019-01-15,ES,Quarter,ISIN Code: PTFTO0092562 Nominal Fixo MWH: 2209 Trading last day: 2020-09-28 Trading quotation: €/MWh FTB Q4-20,Q4 20,55.75,55.68,,55.75,D
2019-01-16,ES,Month,ISIN Code: PTFTO0045362 Nominal Fixo MWH: 720 Trading last day: 2019-03-29 Trading quotation: €/MWh FTB M Apr-19,Apr 19,53.62,53.85,,53.62,D
2019-01-16,ES,Year,ISIN Code: PTFTO0005077 Nominal Fixo MWH: 8784 Trading last day: 2019-12-27 Trading quotation: €/MWh FTB YR-20,Cal 20,55.75,55.5,,55.75,D
2019-01-16,ES,Year,ISIN Code: PTFTO0005085 Nominal Fixo MWH: 8760 Trading last day: 2020-12-29 Trading quotation: €/MWh FTB YR-21,Cal 21,51.33,50.6,,51.33,D
2019-01-16,ES,Year,ISIN Code: PTFTO0045438 Nominal Fixo MWH: 8760 Trading last day: 2021-12-29 Trading quotation: €/MWh FTB YR-22,Cal 22,49.11,48.38,,49.11,D
2019-01-16,ES,Year,ISIN Code: PTFTO0087687 Nominal Fixo MWH: 8760 Trading last day: 2022-12-29 Trading quotation: €/MWh FTB YR-23,Cal 23,48.23,47.5,,48.23,D
2019-01-16,ES,Year,ISIN Code: PTFTO0092604 Nominal Fixo MWH: 8784 Trading last day: 2023-12-28 Trading quotation: €/MWh FTB YR-24,Cal 24,47.48,46.75,,47.48,D
2019-01-16,ES,Year,ISIN Code: PTFTO0133275 Nominal Fixo MWH: 8760 Trading last day: 2024-12-27 Trading quotation: €/MWh FTB YR-25,Cal 25,47.11,46.38,,47.11,D
2019-01-16,ES,Year,ISIN Code: PTFTO0133283 Nominal Fixo MWH: 8760 Trading last day: 2025-12-29 Trading quotation: €/MWh FTB YR-26,Cal 26,47.11,46.38,,47.11,D
2019-01-16,ES,Month,ISIN Code: PTFTO0045347 Nominal Fixo MWH: 672 Trading last day: 2019-01-31 Trading quotation: €/MWh FTB M Feb-19,Feb 19,60.8,60.35,,60.8,D
2019-01-16,ES,Month,ISIN Code: PTFTO0092448 Nominal Fixo MWH: 744 Trading last day: 2019-06-28 Trading quotation: €/MWh FTB M Jul-19,Jul 19,60.93,60.41,,60.93,D
2019-01-16,ES,Month,ISIN Code: PTFTO0045388 Nominal Fixo MWH: 720 Trading last day: 2019-05-31 Trading quotation: €/MWh FTB M Jun-19,Jun 19,61.0,61.27,,61.0,D
2019-01-16,ES,Month,ISIN Code: PTFTO0045370 Nominal Fixo MWH: 744 Trading last day: 2019-04-30 Trading quotation: €/MWh FTB M May-19,Mai 19,55.67,55.91,,55.67,D
2019-01-16,ES,Month,ISIN Code: PTFTO0045354 Nominal Fixo MWH: 743 Trading last day: 2019-02-28 Trading quotation: €/MWh FTB M Mar-19,Mrz 19,55.3,54.78,,55.3,D
2019-01-16,ES,Quarter,ISIN Code: PTFTO0045404 Nominal Fixo MWH: 2183 Trading last day: 2019-12-27 Trading quotation: €/MWh FTB Q1-20,Q1 20,60.27,60.0,,60.27,D
2019-01-16,ES,Quarter,ISIN Code: PTFTO0005036 Nominal Fixo MWH: 2184 Trading last day: 2019-03-28 Trading quotation: €/MWh FTB Q2-19,Q2 19,56.75,57.0,,56.75,D
2019-01-16,ES,Quarter,ISIN Code: PTFTO0045412 Nominal Fixo MWH: 2184 Trading last day: 2020-03-27 Trading quotation: €/MWh FTB Q2-20,Q2 20,50.98,50.75,,50.98,D
2019-01-16,ES,Quarter,ISIN Code: PTFTO0005044 Nominal Fixo MWH: 2208 Trading last day: 2019-06-27 Trading quotation: €/MWh FTB Q3-19,Q3 19,61.63,61.1,,61.63,D
2019-01-16,ES,Quarter,ISIN Code: PTFTO0045420 Nominal Fixo MWH: 2208 Trading last day: 2020-06-26 Trading quotation: €/MWh FTB Q3-20,Q3 20,55.75,55.5,,55.75,D
2019-01-16,ES,Quarter,ISIN Code: PTFTO0045396 Nominal Fixo MWH: 2209 Trading last day: 2019-09-27 Trading quotation: €/MWh FTB Q4-19,Q4 19,64.12,63.85,,64.12,D
2019-01-16,ES,Quarter,ISIN Code: PTFTO0092562 Nominal Fixo MWH: 2209 Trading last day: 2020-09-28 Trading quotation: €/MWh FTB Q4-20,Q4 20,56.0,55.75,,56.0,D
2019-01-17,ES,Month,ISIN Code: PTFTO0045362 Nominal Fixo MWH: 720 Trading last day: 2019-03-29 Trading quotation: €/MWh FTB M Apr-19,Apr 19,54.19,53.62,,54.19,D
2019-01-17,ES,Year,ISIN Code: PTFTO0005077 Nominal Fixo MWH: 8784 Trading last day: 2019-12-27 Trading quotation: €/MWh FTB YR-20,Cal 20,56.43,55.75,56.2,56.43,D
2019-01-17,ES,Year,ISIN Code: PTFTO0005085 Nominal Fixo MWH: 8760 Trading last day: 2020-12-29 Trading quotation: €/MWh FTB YR-21,Cal 21,51.75,51.33,,51.75,D
2019-01-17,ES,Year,ISIN Code: PTFTO0045438 Nominal Fixo MWH: 8760 Trading last day: 2021-12-29 Trading quotation: €/MWh FTB YR-22,Cal 22,49.53,49.11,,49.53,D
2019-01-17,ES,Year,ISIN Code: PTFTO0087687 Nominal Fixo MWH: 8760 Trading last day: 2022-12-29 Trading quotation: €/MWh FTB YR-23,Cal 23,48.65,48.23,,48.65,D
2019-01-17,ES,Year,ISIN Code: PTFTO0092604 Nominal Fixo MWH: 8784 Trading last day: 2023-12-28 Trading quotation: €/MWh FTB YR-24,Cal 24,47.9,47.48,,47.9,D
2019-01-17,ES,Year,ISIN Code: PTFTO0133275 Nominal Fixo MWH: 8760 Trading last day: 2024-12-27 Trading quotation: €/MWh FTB YR-25,Cal 25,47.53,47.11,,47.53,D
2019-01-17,ES,Year,ISIN Code: PTFTO0133283 Nominal Fixo MWH: 8760 Trading last day: 2025-12-29 Trading quotation: €/MWh FTB YR-26,Cal 26,47.53,47.11,,47.53,D
2019-01-17,ES,Month,ISIN Code: PTFTO0045347 Nominal Fixo MWH: 672 Trading last day: 2019-01-31 Trading quotation: €/MWh FTB M Feb-19,Feb 19,62.0,60.8,61.5,62.0,D
2019-01-17,ES,Month,ISIN Code: PTFTO0092448 Nominal Fixo MWH: 744 Trading last day: 2019-06-28 Trading quotation: €/MWh FTB M Jul-19,Jul 19,61.99,60.93,,61.99,D
2019-01-17,ES,Month,ISIN Code: PTFTO0045388 Nominal Fixo MWH: 720 Trading last day: 2019-05-31 Trading quotation: €/MWh FTB M Jun-19,Jun 19,61.64,61.0,,61.64,D
2019-01-17,ES,Month,ISIN Code: PTFTO0045370 Nominal Fixo MWH: 744 Trading last day: 2019-04-30 Trading quotation: €/MWh FTB M May-19,Mai 19,56.26,55.67,,56.26,D
2019-01-17,ES,Month,ISIN Code: PTFTO0045354 Nominal Fixo MWH: 743 Trading last day: 2019-02-28 Trading quotation: €/MWh FTB M Mar-19,Mrz 19,55.6,55.3,55.6,55.6,D
2019-01-17,ES,Quarter,ISIN Code: PTFTO0045404 Nominal Fixo MWH: 2183 Trading last day: 2019-12-27 Trading quotation: €/MWh FTB Q1-20,Q1 20,61.0,60.27,,61.0,D
2019-01-17,ES,Quarter,ISIN Code: PTFTO0005036 Nominal Fixo MWH: 2184 Trading last day: 2019-03-28 Trading quotation: €/MWh FTB Q2-19,Q2 19,57.35,56.75,57.35,57.35,D
2019-01-17,ES,Quarter,ISIN Code: PTFTO0045412 Nominal Fixo MWH: 2184 Trading last day: 2020-03-27 Trading quotation: €/MWh FTB Q2-20,Q2 20,51.6,50.98,,51.6,D
2019-01-17,ES,Quarter,ISIN Code: PTFTO0005044 Nominal Fixo MWH: 2208 Trading last day: 2019-06-27 Trading quotation: €/MWh FTB Q3-19,Q3 19,62.7,61.63,62.7,62.7,D
2019-01-17,ES,Quarter,ISIN Code: PTFTO0045420 Nominal Fixo MWH: 2208 Trading last day: 2020-06-26 Trading quotation: €/MWh FTB Q3-20,Q3 20,56.43,55.75,,56.43,D
2019-01-17,ES,Quarter,ISIN Code: PTFTO0045396 Nominal Fixo MWH: 2209 Trading last day: 2019-09-27 Trading quotation: €/MWh FTB Q4-19,Q4 19,65.3,64.12,,65.3,D
2019-01-17,ES,Quarter,ISIN Code: PTFTO0092562 Nominal Fixo MWH: 2209 Trading last day: 2020-09-28 Trading quotation: €/MWh FTB Q4-20,Q4 20,56.68,56.0,,56.68,D
2019-01-18,ES,Month,ISIN Code: PTFTO0045362 Nominal Fixo MWH: 720 Trading last day: 2019-03-29 Trading quotation: €/MWh FTB M Apr-19,Apr 19,53.75,54.19,,53.75,D
2019-01-18,ES,Year,ISIN Code: PTFTO0005077 Nominal Fixo MWH: 8784 Trading last day: 2019-12-27 Trading quotation: €/MWh FTB YR-20,Cal 20,56.75,56.43,56.75,56.75,D
2019-01-18,ES,Year,ISIN Code: PTFTO0005085 Nominal Fixo MWH: 8760 Trading last day: 2020-12-29 Trading quotation: €/MWh FTB YR-21,Cal 21,51.75,51.75,,51.75,D
2019-01-18,ES,Year,ISIN Code: PTFTO0045438 Nominal Fixo MWH: 8760 Trading last day: 2021-12-29 Trading quotation: €/MWh FTB YR-22,Cal 22,49.5,49.53,,49.5,D
2019-01-18,ES,Year,ISIN Code: PTFTO0087687 Nominal Fixo MWH: 8760 Trading last day: 2022-12-29 Trading quotation: €/MWh FTB YR-23,Cal 23,48.62,48.65,,48.62,D
2019-01-18,ES,Year,ISIN Code: PTFTO0092604 Nominal Fixo MWH: 8784 Trading last day: 2023-12-28 Trading quotation: €/MWh FTB YR-24,Cal 24,47.87,47.9,,47.87,D
2019-01-18,ES,Year,ISIN Code: PTFTO0133275 Nominal Fixo MWH: 8760 Trading last day: 2024-12-27 Trading quotation: €/MWh FTB YR-25,Cal 25,47.5,47.53,,47.5,D
2019-01-18,ES,Year,ISIN Code: PTFTO0133283 Nominal Fixo MWH: 8760 Trading last day: 2025-12-29 Trading quotation: €/MWh FTB YR-26,Cal 26,47.5,47.53,,47.5,D
2019-01-18,ES,Month,ISIN Code: PTFTO0045347 Nominal Fixo MWH: 672 Trading last day: 2019-01-31 Trading quotation: €/MWh FTB M Feb-19,Feb 19,61.3,62.0,61.3,61.3,D
2019-01-18,ES,Month,ISIN Code: PTFTO0092448 Nominal Fixo MWH: 744 Trading last day: 2019-06-28 Trading quotation: €/MWh FTB M Jul-19,Jul 19,62.09,61.99,,62.09,D
2019-01-18,ES,Month,ISIN Code: PTFTO0045388 Nominal Fixo MWH: 720 Trading last day: 2019-05-31 Trading quotation: €/MWh FTB M Jun-19,Jun 19,62.41,61.64,,62.41,D
2019-01-18,ES,Month,ISIN Code: PTFTO0045370 Nominal Fixo MWH: 744 Trading last day: 2019-04-30 Trading quotation: €/MWh FTB M May-19,Mai 19,56.96,56.26,,56.96,D
2019-01-18,ES,Month,ISIN Code: PTFTO0045354 Nominal Fixo MWH: 743 Trading last day: 2019-02-28 Trading quotation: €/MWh FTB M Mar-19,Mrz 19,56.0,55.6,,56.0,D
2019-01-18,ES,Quarter,ISIN Code: PTFTO0045404 Nominal Fixo MWH: 2183 Trading last day: 2019-12-27 Trading quotation: €/MWh FTB Q1-20,Q1 20,61.35,61.0,,61.35,D
2019-01-18,ES,Quarter,ISIN Code: PTFTO0005036 Nominal Fixo MWH: 2184 Trading last day: 2019-03-28 Trading quotation: €/MWh FTB Q2-19,Q2 19,57.7,57.35,,57.7,D
2019-01-18,ES,Quarter,ISIN Code: PTFTO0045412 Nominal Fixo MWH: 2184 Trading last day: 2020-03-27 Trading quotation: €/MWh FTB Q2-20,Q2 20,51.89,51.6,,51.89,D
2019-01-18,ES,Quarter,ISIN Code: PTFTO0005044 Nominal Fixo MWH: 2208 Trading last day: 2019-06-27 Trading quotation: €/MWh FTB Q3-19,Q3 19,62.8,62.7,,62.8,D
2019-01-18,ES,Quarter,ISIN Code: PTFTO0045420 Nominal Fixo MWH: 2208 Trading last day: 2020-06-26 Trading quotation: €/MWh FTB Q3-20,Q3 20,56.75,56.43,,56.75,D
2019-01-18,ES,Quarter,ISIN Code: PTFTO0045396 Nominal Fixo MWH: 2209 Trading last day: 2019-09-27 Trading quotation: €/MWh FTB Q4-19,Q4 19,65.45,65.3,,65.45,D
2019-01-18,ES,Quarter,ISIN Code: PTFTO0092562 Nominal Fixo MWH: 2209 Trading last day: 2020-09-28 Trading quotation: €/MWh FTB Q4-20,Q4 20,57.0,56.68,,57.0,D
2019-01-19,ES,Month,ISIN Code: PTFTO0045362 Nominal Fixo MWH: 720 Trading last day: 2019-03-29 Trading quotation: €/MWh FTB M Apr-19,Apr 19,,53.75,,53.75,D-1
2019-01-19,ES,Year,ISIN Code: PTFTO0005077 Nominal Fixo MWH: 8784 Trading last day: 2019-12-27 Trading quotation: €/MWh FTB YR-20,Cal 20,,56.75,,56.75,D-1
2019-01-19,ES,Year,ISIN Code: PTFTO0005085 Nominal Fixo MWH: 8760 Trading last day: 2020-12-29 Trading quotation: €/MWh FTB YR-21,Cal 21,,51.75,,51.75,D-1
2019-01-19,ES,Year,ISIN Code: PTFTO0045438 Nominal Fixo MWH: 8760 Trading last day: 2021-12-29 Trading quotation: €/MWh FTB YR-22,Cal 22,,49.5,,49.5,D-1
2019-01-19,ES,Year,ISIN Code: PTFTO0087687 Nominal Fixo MWH: 8760 Trading last day: 2022-12-29 Trading quotation: €/MWh FTB YR-23,Cal 23,,48.62,,48.62,D-1
2019-01-19,ES,Year,ISIN Code: PTFTO0092604 Nominal Fixo MWH: 8784 Trading last day: 2023-12-28 Trading quotation: €/MWh FTB YR-24,Cal 24,,47.87,,47.87,D-1
2019-01-19,ES,Year,ISIN Code: PTFTO0133275 Nominal Fixo MWH: 8760 Trading last day: 2024-12-27 Trading quotation: €/MWh FTB YR-25,Cal 25,,47.5,,47.5,D-1
2019-01-19,ES,Year,ISIN Code: PTFTO0133283 Nominal Fixo MWH: 8760 Trading last day: 2025-12-29 Trading quotation: €/MWh FTB YR-26,Cal 26,,47.5,,47.5,D-1
2019-01-19,ES,Month,ISIN Code: PTFTO0045347 Nominal Fixo MWH: 672 Trading last day: 2019-01-31 Trading quotation: €/MWh FTB M Feb-19,Feb 19,,61.3,,61.3,D-1
2019-01-19,ES,Month,ISIN Code: PTFTO0092448 Nominal Fixo MWH: 744 Trading last day: 2019-06-28 Trading quotation: €/MWh FTB M Jul-19,Jul 19,,62.09,,62.09,D-1
2019-01-19,ES,Month,ISIN Code: PTFTO0045388 Nominal Fixo MWH: 720 Trading last day: 2019-05-31 Trading quotation: €/MWh FTB M Jun-19,Jun 19,,62.41,,62.41,D-1
2019-01-19,ES,Month,ISIN Code: PTFTO0045370 Nominal Fixo MWH: 744 Trading last day: 2019-04-30 Trading quotation: €/MWh FTB M May-19,Mai 19,,56.96,,56.96,D-1
2019-01-19,ES,Month,ISIN Code: PTFTO0045354 Nominal Fixo MWH: 743 Trading last day: 2019-02-28 Trading quotation: €/MWh FTB M Mar-19,Mrz 19,,56.0,,56.0,D-1
2019-01-19,ES,Quarter,ISIN Code: PTFTO0045404 Nominal Fixo MWH: 2183 Trading last day: 2019-12-27 Trading quotation: €/MWh FTB Q1-20,Q1 20,,61.35,,61.35,D-1
2019-01-19,ES,Quarter,ISIN Code: PTFTO0005036 Nominal Fixo MWH: 2184 Trading last day: 2019-03-28 Trading quotation: €/MWh FTB Q2-19,Q2 19,,57.7,,57.7,D-1
2019-01-19,ES,Quarter,ISIN Code: PTFTO0045412 Nominal Fixo MWH: 2184 Trading last day: 2020-03-27 Trading quotation: €/MWh FTB Q2-20,Q2 20,,51.89,,51.89,D-1
2019-01-19,ES,Quarter,ISIN Code: PTFTO0005044 Nominal Fixo MWH: 2208 Trading last day: 2019-06-27 Trading quotation: €/MWh FTB Q3-19,Q3 19,,62.8,,62.8,D-1
2019-01-19,ES,Quarter,ISIN Code: PTFTO0045420 Nominal Fixo MWH: 2208 Trading last day: 2020-06-26 Trading quotation: €/MWh FTB Q3-20,Q3 20,,56.75,,56.75,D-1
2019-01-19,ES,Quarter,ISIN Code: PTFTO0045396 Nominal Fixo MWH: 2209 Trading last day: 2019-09-27 Trading quotation: €/MWh FTB Q4-19,Q4 19,,65.45,,65.45,D-1
2019-01-19,ES,Quarter,ISIN Code: PTFTO0092562 Nominal Fixo MWH: 2209 Trading last day: 2020-09-28 Trading quotation: €/MWh FTB Q4-20,Q4 20,,57.0,,57.0,D-1
2019-01-20,ES,Month,ISIN Code: PTFTO0045362 Nominal Fixo MWH: 720 Trading last day: 2019-03-29 Trading quotation: €/MWh FTB M Apr-19,Apr 19,,53.75,,53.75,D-1
2019-01-20,ES,Year,ISIN Code: PTFTO0005077 Nominal Fixo MWH: 8784 Trading last day: 2019-12-27 Trading quotation: €/MWh FTB YR-20,Cal 20,,56.75,,56.75,D-1
2019-01-20,ES,Year,ISIN Code: PTFTO0005085 Nominal Fixo MWH: 8760 Trading last day: 2020-12-29 Trading quotation: €/MWh FTB YR-21,Cal 21,,51.75,,51.75,D-1
2019-01-20,ES,Year,ISIN Code: PTFTO0045438 Nominal Fixo MWH: 8760 Trading last day: 2021-12-29 Trading quotation: €/MWh FTB YR-22,Cal 22,,49.5,,49.5,D-1
2019-01-20,ES,Year,ISIN Code: PTFTO0087687 Nominal Fixo MWH: 8760 Trading last day: 2022-12-29 Trading quotation: €/MWh FTB YR-23,Cal 23,,48.62,,48.62,D-1
2019-01-20,ES,Year,ISIN Code: PTFTO0092604 Nominal Fixo MWH: 8784 Trading last day: 2023-12-28 Trading quotation: €/MWh FTB YR-24,Cal 24,,47.87,,47.87,D-1
2019-01-20,ES,Year,ISIN Code: PTFTO0133275 Nominal Fixo MWH: 8760 Trading last day: 2024-12-27 Trading quotation: €/MWh FTB YR-25,Cal 25,,47.5,,47.5,D-1
2019-01-20,ES,Year,ISIN Code: PTFTO0133283 Nominal Fixo MWH: 8760 Trading last day: 2025-12-29 Trading quotation: €/MWh FTB YR-26,Cal 26,,47.5,,47.5,D-1
2019-01-20,ES,Month,ISIN Code: PTFTO0045347 Nominal Fixo MWH: 672 Trading last day: 2019-01-31 Trading quotation: €/MWh FTB M Feb-19,Feb 19,,61.3,,61.3,D-1
2019-01-20,ES,Month,ISIN Code: PTFTO0092448 Nominal Fixo MWH: 744 Trading last day: 2019-06-28 Trading quotation: €/MWh FTB M Jul-19,Jul 19,,62.09,,62.09,D-1
2019-01-20,ES,Month,ISIN Code: PTFTO0045388 Nominal Fixo MWH: 720 Trading last day: 2019-05-31 Trading quotation: €/MWh FTB M Jun-19,Jun 19,,62.41,,62.41,D-1
2019-01-20,ES,Month,ISIN Code: PTFTO0045370 Nominal Fixo MWH: 744 Trading last day: 2019-04-30 Trading quotation: €/MWh FTB M May-19,Mai 19,,56.96,,56.96,D-1
2019-01-20,ES,Month,ISIN Code: PTFTO0045354 Nominal Fixo MWH: 743 Trading last day: 2019-02-28 Trading quotation: €/MWh FTB M Mar-19,Mrz 19,,56.0,,56.0,D-1
2019-01-20,ES,Quarter,ISIN Code: PTFTO0045404 Nominal Fixo MWH: 2183 Trading last day: 2019-12-27 Trading quotation: €/MWh FTB Q1-20,Q1 20,,61.35,,61.35,D-1
2019-01-20,ES,Quarter,ISIN Code: PTFTO0005036 Nominal Fixo MWH: 2184 Trading last day: 2019-03-28 Trading quotation: €/MWh FTB Q2-19,Q2 19,,57.7,,57.7,D-1
2019-01-20,ES,Quarter,ISIN Code: PTFTO0045412 Nominal Fixo MWH: 2184 Trading last day: 2020-03-27 Trading quotation: €/MWh FTB Q2-20,Q2 20,,51.89,,51.89,D-1
2019-01-20,ES,Quarter,ISIN Code: PTFTO0005044 Nominal Fixo MWH: 2208 Trading last day: 2019-06-27 Trading quotation: €/MWh FTB Q3-19,Q3 19,,62.8,,62.8,D-1
2019-01-20,ES,Quarter,ISIN Code: PTFTO0045420 Nominal Fixo MWH: 2208 Trading last day: 2020-06-26 Trading quotation: €/MWh FTB Q3-20,Q3 20,,56.75,,56.75,D-1
2019-01-20,ES,Quarter,ISIN Code: PTFTO0045396 Nominal Fixo MWH: 2209 Trading last day: 2019-09-27 Trading quotation: €/MWh FTB Q4-19,Q4 19,,65.45,,65.45,D-1
2019-01-20,ES,Quarter,ISIN Code: PTFTO0092562 Nominal Fixo MWH: 2209 Trading last day: 2020-09-28 Trading quotation: €/MWh FTB Q4-20,Q4 20,,57.0,,57.0,D-1
2019-01-21,ES,Month,ISIN Code: PTFTO0045362 Nominal Fixo MWH: 720 Trading last day: 2019-03-29 Trading quotation: €/MWh FTB M Apr-19,Apr 19,53.33,53.75,,53.33,D
2019-01-21,ES,Year,ISIN Code: PTFTO0005077 Nominal Fixo MWH: 8784 Trading last day: 2019-12-27 Trading quotation: €/MWh FTB YR-20,Cal 20,56.5,56.75,,56.5,D
2019-01-21,ES,Year,ISIN Code: PTFTO0005085 Nominal Fixo MWH: 8760 Trading last day: 2020-12-29 Trading quotation: €/MWh FTB YR-21,Cal 21,51.65,51.75,51.65,51.65,D
2019-01-21,ES,Year,ISIN Code: PTFTO0045438 Nominal Fixo MWH: 8760 Trading last day: 2021-12-29 Trading quotation: €/MWh FTB YR-22,Cal 22,49.4,49.5,,49.4,D
2019-01-21,ES,Year,ISIN Code: PTFTO0087687 Nominal Fixo MWH: 8760 Trading last day: 2022-12-29 Trading quotation: €/MWh FTB YR-23,Cal 23,48.52,48.62,,48.52,D
2019-01-21,ES,Year,ISIN Code: PTFTO0092604 Nominal Fixo MWH: 8784 Trading last day: 2023-12-28 Trading quotation: €/MWh FTB YR-24,Cal 24,47.77,47.87,,47.77,D
2019-01-21,ES,Year,ISIN Code: PTFTO0133275 Nominal Fixo MWH: 8760 Trading last day: 2024-12-27 Trading quotation: €/MWh FTB YR-25,Cal 25,47.4,47.5,,47.4,D
2019-01-21,ES,Year,ISIN Code: PTFTO0133283 Nominal Fixo MWH: 8760 Trading last day: 2025-12-29 Trading quotation: €/MWh FTB YR-26,Cal 26,47.4,47.5,,47.4,D
2019-01-21,ES,Month,ISIN Code: PTFTO0045347 Nominal Fixo MWH: 672 Trading last day: 2019-01-31 Trading quotation: €/MWh FTB M Feb-19,Feb 19,60.65,61.3,,60.65,D
2019-01-21,ES,Month,ISIN Code: PTFTO0092448 Nominal Fixo MWH: 744 Trading last day: 2019-06-28 Trading quotation: €/MWh FTB M Jul-19,Jul 19,61.3,62.09,,61.3,D
2019-01-21,ES,Month,ISIN Code: PTFTO0045388 Nominal Fixo MWH: 720 Trading last day: 2019-05-31 Trading quotation: €/MWh FTB M Jun-19,Jun 19,61.92,62.41,,61.92,D
2019-01-21,ES,Month,ISIN Code: PTFTO0045370 Nominal Fixo MWH: 744 Trading last day: 2019-04-30 Trading quotation: €/MWh FTB M May-19,Mai 19,56.52,56.96,,56.52,D
2019-01-21,ES,Month,ISIN Code: PTFTO0045354 Nominal Fixo MWH: 743 Trading last day: 2019-02-28 Trading quotation: €/MWh FTB M Mar-19,Mrz 19,54.6,56.0,54.6,54.6,D
2019-01-21,ES,Quarter,ISIN Code: PTFTO0045404 Nominal Fixo MWH: 2183 Trading last day: 2019-12-27 Trading quotation: €/MWh FTB Q1-20,Q1 20,61.08,61.35,,61.08,D
2019-01-21,ES,Quarter,ISIN Code: PTFTO0005036 Nominal Fixo MWH: 2184 Trading last day: 2019-03-28 Trading quotation: €/MWh FTB Q2-19,Q2 19,57.25,57.7,,57.25,D
2019-01-21,ES,Quarter,ISIN Code: PTFTO0045412 Nominal Fixo MWH: 2184 Trading last day: 2020-03-27 Trading quotation: €/MWh FTB Q2-20,Q2 20,51.66,51.89,,51.66,D
2019-01-21,ES,Quarter,ISIN Code: PTFTO0005044 Nominal Fixo MWH: 2208 Trading last day: 2019-06-27 Trading quotation: €/MWh FTB Q3-19,Q3 19,62.0,62.8,,62.0,D
2019-01-21,ES,Quarter,ISIN Code: PTFTO0045420 Nominal Fixo MWH: 2208 Trading last day: 2020-06-26 Trading quotation: €/MWh FTB Q3-20,Q3 20,56.5,56.75,,56.5,D
2019-01-21,ES,Quarter,ISIN Code: PTFTO0045396 Nominal Fixo MWH: 2209 Trading last day: 2019-09-27 Trading quotation: €/MWh FTB Q4-19,Q4 19,65.0,65.45,,65.0,D
2019-01-21,ES,Quarter,ISIN Code: PTFTO0092562 Nominal Fixo MWH: 2209 Trading last day: 2020-09-28 Trading quotation: €/MWh FTB Q4-20,Q4 20,56.75,57.0,,56.75,D
2019-01-22,ES,Month,ISIN Code: PTFTO0045362 Nominal Fixo MWH: 720 Trading last day: 2019-03-29 Trading quotation: €/MWh FTB M Apr-19,Apr 19,54.03,53.33,,54.03,D
2019-01-22,ES,Year,ISIN Code: PTFTO0005077 Nominal Fixo MWH: 8784 Trading last day: 2019-12-27 Trading quotation: €/MWh FTB YR-20,Cal 20,57.05,56.5,,57.05,D
2019-01-22,ES,Year,ISIN Code: PTFTO0005085 Nominal Fixo MWH: 8760 Trading last day: 2020-12-29 Trading quotation: €/MWh FTB YR-21,Cal 21,52.1,51.65,,52.1,D
2019-01-22,ES,Year,ISIN Code: PTFTO0045438 Nominal Fixo MWH: 8760 Trading last day: 2021-12-29 Trading quotation: €/MWh FTB YR-22,Cal 22,49.5,49.4,,49.5,D
2019-01-22,ES,Year,ISIN Code: PTFTO0087687 Nominal Fixo MWH: 8760 Trading last day: 2022-12-29 Trading quotation: €/MWh FTB YR-23,Cal 23,48.1,48.52,,48.1,D
2019-01-22,ES,Year,ISIN Code: PTFTO0092604 Nominal Fixo MWH: 8784 Trading last day: 2023-12-28 Trading quotation: €/MWh FTB YR-24,Cal 24,47.25,47.77,,47.25,D
2019-01-22,ES,Year,ISIN Code: PTFTO0133275 Nominal Fixo MWH: 8760 Trading last day: 2024-12-27 Trading quotation: €/MWh FTB YR-25,Cal 25,46.88,47.4,,46.88,D
2019-01-22,ES,Year,ISIN Code: PTFTO0133283 Nominal Fixo MWH: 8760 Trading last day: 2025-12-29 Trading quotation: €/MWh FTB YR-26,Cal 26,46.88,47.4,,46.88,D
2019-01-22,ES,Month,ISIN Code: PTFTO0045347 Nominal Fixo MWH: 672 Trading last day: 2019-01-31 Trading quotation: €/MWh FTB M Feb-19,Feb 19,61.5,60.65,,61.5,D
2019-01-22,ES,Month,ISIN Code: PTFTO0092448 Nominal Fixo MWH: 744 Trading last day: 2019-06-28 Trading quotation: €/MWh FTB M Jul-19,Jul 19,62.34,61.3,,62.34,D
2019-01-22,ES,Month,ISIN Code: PTFTO0045388 Nominal Fixo MWH: 720 Trading last day: 2019-05-31 Trading quotation: €/MWh FTB M Jun-19,Jun 19,62.73,61.92,,62.73,D
2019-01-22,ES,Month,ISIN Code: PTFTO0045370 Nominal Fixo MWH: 744 Trading last day: 2019-04-30 Trading quotation: €/MWh FTB M May-19,Mai 19,57.26,56.52,,57.26,D
2019-01-22,ES,Month,ISIN Code: PTFTO0045354 Nominal Fixo MWH: 743 Trading last day: 2019-02-28 Trading quotation: €/MWh FTB M Mar-19,Mrz 19,54.8,54.6,,54.8,D
2019-01-22,ES,Quarter,ISIN Code: PTFTO0045404 Nominal Fixo MWH: 2183 Trading last day: 2019-12-27 Trading quotation: €/MWh FTB Q1-20,Q1 20,62.15,61.08,,62.15,D
2019-01-22,ES,Quarter,ISIN Code: PTFTO0005036 Nominal Fixo MWH: 2184 Trading last day: 2019-03-28 Trading quotation: €/MWh FTB Q2-19,Q2 19,58.0,57.25,57.9,58.0,D
2019-01-22,ES,Quarter,ISIN Code: PTFTO0045412 Nominal Fixo MWH: 2184 Trading last day: 2020-03-27 Trading quotation: €/MWh FTB Q2-20,Q2 20,52.02,51.66,,52.02,D
2019-01-22,ES,Quarter,ISIN Code: PTFTO0005044 Nominal Fixo MWH: 2208 Trading last day: 2019-06-27 Trading quotation: €/MWh FTB Q3-19,Q3 19,63.05,62.0,63.0,63.05,D
2019-01-22,ES,Quarter,ISIN Code: PTFTO0045420 Nominal Fixo MWH: 2208 Trading last day: 2020-06-26 Trading quotation: €/MWh FTB Q3-20,Q3 20,56.89,56.5,,56.89,D
2019-01-22,ES,Quarter,ISIN Code: PTFTO0045396 Nominal Fixo MWH: 2209 Trading last day: 2019-09-27 Trading quotation: €/MWh FTB Q4-19,Q4 19,65.3,65.0,,65.3,D
2019-01-22,ES,Quarter,ISIN Code: PTFTO0092562 Nominal Fixo MWH: 2209 Trading last day: 2020-09-28 Trading quotation: €/MWh FTB Q4-20,Q4 20,57.14,56.75,,57.14,D
2019-01-23,ES,Month,ISIN Code: PTFTO0045362 Nominal Fixo MWH: 720 Trading last day: 2019-03-29 Trading quotation: €/MWh FTB M Apr-19,Apr 19,54.31,54.03,,54.31,D
2019-01-23,ES,Year,ISIN Code: PTFTO0005077 Nominal Fixo MWH: 8784 Trading last day: 2019-12-27 Trading quotation: €/MWh FTB YR-20,Cal 20,57.1,57.05,57.25,57.1,D
2019-01-23,ES,Year,ISIN Code: PTFTO0005085 Nominal Fixo MWH: 8760 Trading last day: 2020-12-29 Trading quotation: €/MWh FTB YR-21,Cal 21,52.07,52.1,,52.07,D
2019-01-23,ES,Year,ISIN Code: PTFTO0045438 Nominal Fixo MWH: 8760 Trading last day: 2021-12-29 Trading quotation: €/MWh FTB YR-22,Cal 22,49.43,49.5,,49.43,D
2019-01-23,ES,Year,ISIN Code: PTFTO0087687 Nominal Fixo MWH: 8760 Trading last day: 2022-12-29 Trading quotation: €/MWh FTB YR-23,Cal 23,48.2,48.1,,48.2,D
2019-01-23,ES,Year,ISIN Code: PTFTO0092604 Nominal Fixo MWH: 8784 Trading last day: 2023-12-28 Trading quotation: €/MWh FTB YR-24,Cal 24,47.35,47.25,,47.35,D
2019-01-23,ES,Year,ISIN Code: PTFTO0133275 Nominal Fixo MWH: 8760 Trading last day: 2024-12-27 Trading quotation: €/MWh FTB YR-25,Cal 25,46.98,46.88,,46.98,D
2019-01-23,ES,Year,ISIN Code: PTFTO0133283 Nominal Fixo MWH: 8760 Trading last day: 2025-12-29 Trading quotation: €/MWh FTB YR-26,Cal 26,46.98,46.88,,46.98,D
2019-01-23,ES,Month,ISIN Code: PTFTO0045347 Nominal Fixo MWH: 672 Trading last day: 2019-01-31 Trading quotation: €/MWh FTB M Feb-19,Feb 19,62.08,61.5,,62.08,D
2019-01-23,ES,Month,ISIN Code: PTFTO0092448 Nominal Fixo MWH: 744 Trading last day: 2019-06-28 Trading quotation: €/MWh FTB M Jul-19,Jul 19,62.86,62.34,,62.86,D
2019-01-23,ES,Month,ISIN Code: PTFTO0045388 Nominal Fixo MWH: 720 Trading last day: 2019-05-31 Trading quotation: €/MWh FTB M Jun-19,Jun 19,63.06,62.73,,63.06,D
2019-01-23,ES,Month,ISIN Code: PTFTO0045370 Nominal Fixo MWH: 744 Trading last day: 2019-04-30 Trading quotation: €/MWh FTB M May-19,Mai 19,57.56,57.26,,57.56,D
2019-01-23,ES,Month,ISIN Code: PTFTO0045354 Nominal Fixo MWH: 743 Trading last day: 2019-02-28 Trading quotation: €/MWh FTB M Mar-19,Mrz 19,55.3,54.8,,55.3,D
2019-01-23,ES,Quarter,ISIN Code: PTFTO0045404 Nominal Fixo MWH: 2183 Trading last day: 2019-12-27 Trading quotation: €/MWh FTB Q1-20,Q1 20,62.21,62.15,,62.21,D
2019-01-23,ES,Quarter,ISIN Code: PTFTO0005036 Nominal Fixo MWH: 2184 Trading last day: 2019-03-28 Trading quotation: €/MWh FTB Q2-19,Q2 19,58.3,58.0,,58.3,D
2019-01-23,ES,Quarter,ISIN Code: PTFTO0045412 Nominal Fixo MWH: 2184 Trading last day: 2020-03-27 Trading quotation: €/MWh FTB Q2-20,Q2 20,52.07,52.02,,52.07,D
2019-01-23,ES,Quarter,ISIN Code: PTFTO0005044 Nominal Fixo MWH: 2208 Trading last day: 2019-06-27 Trading quotation: €/MWh FTB Q3-19,Q3 19,63.58,63.05,,63.58,D
2019-01-23,ES,Quarter,ISIN Code: PTFTO0045420 Nominal Fixo MWH: 2208 Trading last day: 2020-06-26 Trading quotation: €/MWh FTB Q3-20,Q3 20,56.94,56.89,,56.94,D
2019-01-23,ES,Quarter,ISIN Code: PTFTO0045396 Nominal Fixo MWH: 2209 Trading last day: 2019-09-27 Trading quotation: €/MWh FTB Q4-19,Q4 19,65.32,65.3,,65.32,D
2019-01-23,ES,Quarter,ISIN Code: PTFTO0092562 Nominal Fixo MWH: 2209 Trading last day: 2020-09-28 Trading quotation: €/MWh FTB Q4-20,Q4 20,57.19,57.14,,57.19,D
2019-01-24,ES,Month,ISIN Code: PTFTO0045362 Nominal Fixo MWH: 720 Trading last day: 2019-03-29 Trading quotation: €/MWh FTB M Apr-19,Apr 19,53.63,54.31,,53.63,D
2019-01-24,ES,Year,ISIN Code: PTFTO0005077 Nominal Fixo MWH: 8784 Trading last day: 2019-12-27 Trading quotation: €/MWh FTB YR-20,Cal 20,56.55,57.1,56.8,56.55,D
2019-01-24,ES,Year,ISIN Code: PTFTO0005085 Nominal Fixo MWH: 8760 Trading last day: 2020-12-29 Trading quotation: €/MWh FTB YR-21,Cal 21,51.9,52.07,51.9,51.9,D
2019-01-24,ES,Year,ISIN Code: PTFTO0045438 Nominal Fixo MWH: 8760 Trading last day: 2021-12-29 Trading quotation: €/MWh FTB YR-22,Cal 22,49.26,49.43,,49.26,D
2019-01-24,ES,Year,ISIN Code: PTFTO0087687 Nominal Fixo MWH: 8760 Trading last day: 2022-12-29 Trading quotation: €/MWh FTB YR-23,Cal 23,48.03,48.2,,48.03,D
2019-01-24,ES,Year,ISIN Code: PTFTO0092604 Nominal Fixo MWH: 8784 Trading last day: 2023-12-28 Trading quotation: €/MWh FTB YR-24,Cal 24,47.18,47.35,,47.18,D
2019-01-24,ES,Year,ISIN Code: PTFTO0133275 Nominal Fixo MWH: 8760 Trading last day: 2024-12-27 Trading quotation: €/MWh FTB YR-25,Cal 25,46.81,46.98,,46.81,D
2019-01-24,ES,Year,ISIN Code: PTFTO0133283 Nominal Fixo MWH: 8760 Trading last day: 2025-12-29 Trading quotation: €/MWh FTB YR-26,Cal 26,46.81,46.98,,46.81,D
2019-01-24,ES,Month,ISIN Code: PTFTO0045347 Nominal Fixo MWH: 672 Trading last day: 2019-01-31 Trading quotation: €/MWh FTB M Feb-19,Feb 19,60.8,62.08,,60.8,D
2019-01-24,ES,Month,ISIN Code: PTFTO0092448 Nominal Fixo MWH: 744 Trading last day: 2019-06-28 Trading quotation: €/MWh FTB M Jul-19,Jul 19,62.22,62.86,,62.22,D
2019-01-24,ES,Month,ISIN Code: PTFTO0045388 Nominal Fixo MWH: 720 Trading last day: 2019-05-31 Trading quotation: €/MWh FTB M Jun-19,Jun 19,61.75,63.06,,61.75,D
2019-01-24,ES,Month,ISIN Code: PTFTO0045370 Nominal Fixo MWH: 744 Trading last day: 2019-04-30 Trading quotation: €/MWh FTB M May-19,Mai 19,56.84,57.56,,56.84,D
2019-01-24,ES,Month,ISIN Code: PTFTO0045354 Nominal Fixo MWH: 743 Trading last day: 2019-02-28 Trading quotation: €/MWh FTB M Mar-19,Mrz 19,54.38,55.3,53.7,54.38,D
2019-01-24,ES,Quarter,ISIN Code: PTFTO0045404 Nominal Fixo MWH: 2183 Trading last day: 2019-12-27 Trading quotation: €/MWh FTB Q1-20,Q1 20,61.61,62.21,,61.61,D
2019-01-24,ES,Quarter,ISIN Code: PTFTO0005036 Nominal Fixo MWH: 2184 Trading last day: 2019-03-28 Trading quotation: €/MWh FTB Q2-19,Q2 19,57.4,58.3,,57.4,D
2019-01-24,ES,Quarter,ISIN Code: PTFTO0045412 Nominal Fixo MWH: 2184 Trading last day: 2020-03-27 Trading quotation: €/MWh FTB Q2-20,Q2 20,51.57,52.07,,51.57,D
2019-01-24,ES,Quarter,ISIN Code: PTFTO0005044 Nominal Fixo MWH: 2208 Trading last day: 2019-06-27 Trading quotation: €/MWh FTB Q3-19,Q3 19,62.93,63.58,,62.93,D
2019-01-24,ES,Quarter,ISIN Code: PTFTO0045420 Nominal Fixo MWH: 2208 Trading last day: 2020-06-26 Trading quotation: €/MWh FTB Q3-20,Q3 20,56.39,56.94,,56.39,D
2019-01-24,ES,Quarter,ISIN Code: PTFTO0045396 Nominal Fixo MWH: 2209 Trading last day: 2019-09-27 Trading quotation: €/MWh FTB Q4-19,Q4 19,64.53,65.32,,64.53,D
2019-01-24,ES,Quarter,ISIN Code: PTFTO0092562 Nominal Fixo MWH: 2209 Trading last day: 2020-09-28 Trading quotation: €/MWh FTB Q4-20,Q4 20,56.64,57.19,,56.64,D
2019-01-25,ES,Month,ISIN Code: PTFTO0045362 Nominal Fixo MWH: 720 Trading last day: 2019-03-29 Trading quotation: €/MWh FTB M Apr-19,Apr 19,52.61,53.63,,52.61,D
2019-01-25,ES,Year,ISIN Code: PTFTO0005077 Nominal Fixo MWH: 8784 Trading last day: 2019-12-27 Trading quotation: €/MWh FTB YR-20,Cal 20,56.05,56.55,,56.05,D
2019-01-25,ES,Year,ISIN Code: PTFTO0005085 Nominal Fixo MWH: 8760 Trading last day: 2020-12-29 Trading quotation: €/MWh FTB YR-21,Cal 21,51.9,51.9,,51.9,D
2019-01-25,ES,Year,ISIN Code: PTFTO0045438 Nominal Fixo MWH: 8760 Trading last day: 2021-12-29 Trading quotation: €/MWh FTB YR-22,Cal 22,49.26,49.26,,49.26,D
2019-01-25,ES,Year,ISIN Code: PTFTO0087687 Nominal Fixo MWH: 8760 Trading last day: 2022-12-29 Trading quotation: €/MWh FTB YR-23,Cal 23,48.03,48.03,,48.03,D
2019-01-25,ES,Year,ISIN Code: PTFTO0092604 Nominal Fixo MWH: 8784 Trading last day: 2023-12-28 Trading quotation: €/MWh FTB YR-24,Cal 24,47.18,47.18,,47.18,D
2019-01-25,ES,Year,ISIN Code: PTFTO0133275 Nominal Fixo MWH: 8760 Trading last day: 2024-12-27 Trading quotation: €/MWh FTB YR-25,Cal 25,46.81,46.81,,46.81,D
2019-01-25,ES,Year,ISIN Code: PTFTO0133283 Nominal Fixo MWH: 8760 Trading last day: 2025-12-29 Trading quotation: €/MWh FTB YR-26,Cal 26,46.81,46.81,,46.81,D
2019-01-25,ES,Month,ISIN Code: PTFTO0045347 Nominal Fixo MWH: 672 Trading last day: 2019-01-31 Trading quotation: €/MWh FTB M Feb-19,Feb 19,60.25,60.8,,60.25,D
2019-01-25,ES,Month,ISIN Code: PTFTO0092448 Nominal Fixo MWH: 744 Trading last day: 2019-06-28 Trading quotation: €/MWh FTB M Jul-19,Jul 19,61.4,62.22,,61.4,D
2019-01-25,ES,Month,ISIN Code: PTFTO0045388 Nominal Fixo MWH: 720 Trading last day: 2019-05-31 Trading quotation: €/MWh FTB M Jun-19,Jun 19,61.25,61.75,,61.25,D
2019-01-25,ES,Month,ISIN Code: PTFTO0045370 Nominal Fixo MWH: 744 Trading last day: 2019-04-30 Trading quotation: €/MWh FTB M May-19,Mai 19,56.84,56.84,,56.84,D
2019-01-25,ES,Month,ISIN Code: PTFTO0045354 Nominal Fixo MWH: 743 Trading last day: 2019-02-28 Trading quotation: €/MWh FTB M Mar-19,Mrz 19,53.0,54.38,,53.0,D
2019-01-25,ES,Quarter,ISIN Code: PTFTO0045404 Nominal Fixo MWH: 2183 Trading last day: 2019-12-27 Trading quotation: €/MWh FTB Q1-20,Q1 20,61.06,61.61,,61.06,D
2019-01-25,ES,Quarter,ISIN Code: PTFTO0005036 Nominal Fixo MWH: 2184 Trading last day: 2019-03-28 Trading quotation: €/MWh FTB Q2-19,Q2 19,56.9,57.4,,56.9,D
2019-01-25,ES,Quarter,ISIN Code: PTFTO0045412 Nominal Fixo MWH: 2184 Trading last day: 2020-03-27 Trading quotation: €/MWh FTB Q2-20,Q2 20,51.11,51.57,,51.11,D
2019-01-25,ES,Quarter,ISIN Code: PTFTO0005044 Nominal Fixo MWH: 2208 Trading last day: 2019-06-27 Trading quotation: €/MWh FTB Q3-19,Q3 19,62.1,62.93,,62.1,D
2019-01-25,ES,Quarter,ISIN Code: PTFTO0045420 Nominal Fixo MWH: 2208 Trading last day: 2020-06-26 Trading quotation: €/MWh FTB Q3-20,Q3 20,55.89,56.39,,55.89,D
2019-01-25,ES,Quarter,ISIN Code: PTFTO0045396 Nominal Fixo MWH: 2209 Trading last day: 2019-09-27 Trading quotation: €/MWh FTB Q4-19,Q4 19,63.6,64.53,,63.6,D
2019-01-25,ES,Quarter,ISIN Code: PTFTO0092562 Nominal Fixo MWH: 2209 Trading last day: 2020-09-28 Trading quotation: €/MWh FTB Q4-20,Q4 20,56.14,56.64,,56.14,D
2019-01-26,ES,Month,ISIN Code: PTFTO0045362 Nominal Fixo MWH: 720 Trading last day: 2019-03-29 Trading quotation: €/MWh FTB M Apr-19,Apr 19,,52.61,,52.61,D-1
2019-01-26,ES,Year,ISIN Code: PTFTO0005077 Nominal Fixo MWH: 8784 Trading last day: 2019-12-27 Trading quotation: €/MWh FTB YR-20,Cal 20,,56.05,,56.05,D-1
2019-01-26,ES,Year,ISIN Code: PTFTO0005085 Nominal Fixo MWH: 8760 Trading last day: 2020-12-29 Trading quotation: €/MWh FTB YR-21,Cal 21,,51.9,,51.9,D-1
2019-01-26,ES,Year,ISIN Code: PTFTO0045438 Nominal Fixo MWH: 8760 Trading last day: 2021-12-29 Trading quotation: €/MWh FTB YR-22,Cal 22,,49.26,,49.26,D-1
2019-01-26,ES,Year,ISIN Code: PTFTO0087687 Nominal Fixo MWH: 8760 Trading last day: 2022-12-29 Trading quotation: €/MWh FTB YR-23,Cal 23,,48.03,,48.03,D-1
2019-01-26,ES,Year,ISIN Code: PTFTO0092604 Nominal Fixo MWH: 8784 Trading last day: 2023-12-28 Trading quotation: €/MWh FTB YR-24,Cal 24,,47.18,,47.18,D-1
2019-01-26,ES,Year,ISIN Code: PTFTO0133275 Nominal Fixo MWH: 8760 Trading last day: 2024-12-27 Trading quotation: €/MWh FTB YR-25,Cal 25,,46.81,,46.81,D-1
2019-01-26,ES,Year,ISIN Code: PTFTO0133283 Nominal Fixo MWH: 8760 Trading last day: 2025-12-29 Trading quotation: €/MWh FTB YR-26,Cal 26,,46.81,,46.81,D-1
2019-01-26,ES,Month,ISIN Code: PTFTO0045347 Nominal Fixo MWH: 672 Trading last day: 2019-01-31 Trading quotation: €/MWh FTB M Feb-19,Feb 19,,60.25,,60.25,D-1
2019-01-26,ES,Month,ISIN Code: PTFTO0092448 Nominal Fixo MWH: 744 Trading last day: 2019-06-28 Trading quotation: €/MWh FTB M Jul-19,Jul 19,,61.4,,61.4,D-1
2019-01-26,ES,Month,ISIN Code: PTFTO0045388 Nominal Fixo MWH: 720 Trading last day: 2019-05-31 Trading quotation: €/MWh FTB M Jun-19,Jun 19,,61.25,,61.25,D-1
2019-01-26,ES,Month,ISIN Code: PTFTO0045370 Nominal Fixo MWH: 744 Trading last day: 2019-04-30 Trading quotation: €/MWh FTB M May-19,Mai 19,,56.84,,56.84,D-1
2019-01-26,ES,Month,ISIN Code: PTFTO0045354 Nominal Fixo MWH: 743 Trading last day: 2019-02-28 Trading quotation: €/MWh FTB M Mar-19,Mrz 19,,53.0,,53.0,D-1
2019-01-26,ES,Quarter,ISIN Code: PTFTO0045404 Nominal Fixo MWH: 2183 Trading last day: 2019-12-27 Trading quotation: €/MWh FTB Q1-20,Q1 20,,61.06,,61.06,D-1
2019-01-26,ES,Quarter,ISIN Code: PTFTO0005036 Nominal Fixo MWH: 2184 Trading last day: 2019-03-28 Trading quotation: €/MWh FTB Q2-19,Q2 19,,56.9,,56.9,D-1
2019-01-26,ES,Quarter,ISIN Code: PTFTO0045412 Nominal Fixo MWH: 2184 Trading last day: 2020-03-27 Trading quotation: €/MWh FTB Q2-20,Q2 20,,51.11,,51.11,D-1
2019-01-26,ES,Quarter,ISIN Code: PTFTO0005044 Nominal Fixo MWH: 2208 Trading last day: 2019-06-27 Trading quotation: €/MWh FTB Q3-19,Q3 19,,62.1,,62.1,D-1
2019-01-26,ES,Quarter,ISIN Code: PTFTO0045420 Nominal Fixo MWH: 2208 Trading last day: 2020-06-26 Trading quotation: €/MWh FTB Q3-20,Q3 20,,55.89,,55.89,D-1
2019-01-26,ES,Quarter,ISIN Code: PTFTO0045396 Nominal Fixo MWH: 2209 Trading last day: 2019-09-27 Trading quotation: €/MWh FTB Q4-19,Q4 19,,63.6,,63.6,D-1
2019-01-26,ES,Quarter,ISIN Code: PTFTO0092562 Nominal Fixo MWH: 2209 Trading last day: 2020-09-28 Trading quotation: €/MWh FTB Q4-20,Q4 20,,56.14,,56.14,D-1
2019-01-27,ES,Month,ISIN Code: PTFTO0045362 Nominal Fixo MWH: 720 Trading last day: 2019-03-29 Trading quotation: €/MWh FTB M Apr-19,Apr 19,,52.61,,52.61,D-1
2019-01-27,ES,Year,ISIN Code: PTFTO0005077 Nominal Fixo MWH: 8784 Trading last day: 2019-12-27 Trading quotation: €/MWh FTB YR-20,Cal 20,,56.05,,56.05,D-1
2019-01-27,ES,Year,ISIN Code: PTFTO0005085 Nominal Fixo MWH: 8760 Trading last day: 2020-12-29 Trading quotation: €/MWh FTB YR-21,Cal 21,,51.9,,51.9,D-1
2019-01-27,ES,Year,ISIN Code: PTFTO0045438 Nominal Fixo MWH: 8760 Trading last day: 2021-12-29 Trading quotation: €/MWh FTB YR-22,Cal 22,,49.26,,49.26,D-1
2019-01-27,ES,Year,ISIN Code: PTFTO0087687 Nominal Fixo MWH: 8760 Trading last day: 2022-12-29 Trading quotation: €/MWh FTB YR-23,Cal 23,,48.03,,48.03,D-1
2019-01-27,ES,Year,ISIN Code: PTFTO0092604 Nominal Fixo MWH: 8784 Trading last day: 2023-12-28 Trading quotation: €/MWh FTB YR-24,Cal 24,,47.18,,47.18,D-1
2019-01-27,ES,Year,ISIN Code: PTFTO0133275 Nominal Fixo MWH: 8760 Trading last day: 2024-12-27 Trading quotation: €/MWh FTB YR-25,Cal 25,,46.81,,46.81,D-1
2019-01-27,ES,Year,ISIN Code: PTFTO0133283 Nominal Fixo MWH: 8760 Trading last day: 2025-12-29 Trading quotation: €/MWh FTB YR-26,Cal 26,,46.81,,46.81,D-1
2019-01-27,ES,Month,ISIN Code: PTFTO0045347 Nominal Fixo MWH: 672 Trading last day: 2019-01-31 Trading quotation: €/MWh FTB M Feb-19,Feb 19,,60.25,,60.25,D-1
2019-01-27,ES,Month,ISIN Code: PTFTO0092448 Nominal Fixo MWH: 744 Trading last day: 2019-06-28 Trading quotation: €/MWh FTB M Jul-19,Jul 19,,61.4,,61.4,D-1
2019-01-27,ES,Month,ISIN Code: PTFTO0045388 Nominal Fixo MWH: 720 Trading last day: 2019-05-31 Trading quotation: €/MWh FTB M Jun-19,Jun 19,,61.25,,61.25,D-1
2019-01-27,ES,Month,ISIN Code: PTFTO0045370 Nominal Fixo MWH: 744 Trading last day: 2019-04-30 Trading quotation: €/MWh FTB M May-19,Mai 19,,56.84,,56.84,D-1
2019-01-27,ES,Month,ISIN Code: PTFTO0045354 Nominal Fixo MWH: 743 Trading last day: 2019-02-28 Trading quotation: €/MWh FTB M Mar-19,Mrz 19,,53.0,,53.0,D-1
2019-01-27,ES,Quarter,ISIN Code: PTFTO0045404 Nominal Fixo MWH: 2183 Trading last day: 2019-12-27 Trading quotation: €/MWh FTB Q1-20,Q1 20,,61.06,,61.06,D-1
2019-01-27,ES,Quarter,ISIN Code: PTFTO0005036 Nominal Fixo MWH: 2184 Trading last day: 2019-03-28 Trading quotation: €/MWh FTB Q2-19,Q2 19,,56.9,,56.9,D-1
2019-01-27,ES,Quarter,ISIN Code: PTFTO0045412 Nominal Fixo MWH: 2184 Trading last day: 2020-03-27 Trading quotation: €/MWh FTB Q2-20,Q2 20,,51.11,,51.11,D-1
2019-01-27,ES,Quarter,ISIN Code: PTFTO0005044 Nominal Fixo MWH: 2208 Trading last day: 2019-06-27 Trading quotation: €/MWh FTB Q3-19,Q3 19,,62.1,,62.1,D-1
2019-01-27,ES,Quarter,ISIN Code: PTFTO0045420 Nominal Fixo MWH: 2208 Trading last day: 2020-06-26 Trading quotation: €/MWh FTB Q3-20,Q3 20,,55.89,,55.89,D-1
2019-01-27,ES,Quarter,ISIN Code: PTFTO0045396 Nominal Fixo MWH: 2209 Trading last day: 2019-09-27 Trading quotation: €/MWh FTB Q4-19,Q4 19,,63.6,,63.6,D-1
2019-01-27,ES,Quarter,ISIN Code: PTFTO0092562 Nominal Fixo MWH: 2209 Trading last day: 2020-09-28 Trading quotation: €/MWh FTB Q4-20,Q4 20,,56.14,,56.14,D-1
2019-01-28,ES,Month,ISIN Code: PTFTO0045362 Nominal Fixo MWH: 720 Trading last day: 2019-03-29 Trading quotation: €/MWh FTB M Apr-19,Apr 19,51.75,52.61,,51.75,D
2019-01-28,ES,Year,ISIN Code: PTFTO0005077 Nominal Fixo MWH: 8784 Trading last day: 2019-12-27 Trading quotation: €/MWh FTB YR-20,Cal 20,55.8,56.05,,55.8,D
2019-01-28,ES,Year,ISIN Code: PTFTO0005085 Nominal Fixo MWH: 8760 Trading last day: 2020-12-29 Trading quotation: €/MWh FTB YR-21,Cal 21,51.8,51.9,,51.8,D
2019-01-28,ES,Year,ISIN Code: PTFTO0045438 Nominal Fixo MWH: 8760 Trading last day: 2021-12-29 Trading quotation: €/MWh FTB YR-22,Cal 22,49.16,49.26,,49.16,D
2019-01-28,ES,Year,ISIN Code: PTFTO0087687 Nominal Fixo MWH: 8760 Trading last day: 2022-12-29 Trading quotation: €/MWh FTB YR-23,Cal 23,47.93,48.03,,47.93,D
2019-01-28,ES,Year,ISIN Code: PTFTO0092604 Nominal Fixo MWH: 8784 Trading last day: 2023-12-28 Trading quotation: €/MWh FTB YR-24,Cal 24,47.08,47.18,,47.08,D
2019-01-28,ES,Year,ISIN Code: PTFTO0133275 Nominal Fixo MWH: 8760 Trading last day: 2024-12-27 Trading quotation: €/MWh FTB YR-25,Cal 25,46.71,46.81,,46.71,D
2019-01-28,ES,Year,ISIN Code: PTFTO0133283 Nominal Fixo MWH: 8760 Trading last day: 2025-12-29 Trading quotation: €/MWh FTB YR-26,Cal 26,46.71,46.81,,46.71,D
2019-01-28,ES,Month,ISIN Code: PTFTO0045347 Nominal Fixo MWH: 672 Trading last day: 2019-01-31 Trading quotation: €/MWh FTB M Feb-19,Feb 19,59.25,60.25,59.0,59.25,D
2019-01-28,ES,Month,ISIN Code: PTFTO0092448 Nominal Fixo MWH: 744 Trading last day: 2019-06-28 Trading quotation: €/MWh FTB M Jul-19,Jul 19,60.91,61.4,,60.91,D
2019-01-28,ES,Month,ISIN Code: PTFTO0045388 Nominal Fixo MWH: 720 Trading last day: 2019-05-31 Trading quotation: €/MWh FTB M Jun-19,Jun 19,60.53,61.25,,60.53,D
2019-01-28,ES,Month,ISIN Code: PTFTO0045370 Nominal Fixo MWH: 744 Trading last day: 2019-04-30 Trading quotation: €/MWh FTB M May-19,Mai 19,56.17,56.84,,56.17,D
2019-01-28,ES,Month,ISIN Code: PTFTO0045354 Nominal Fixo MWH: 743 Trading last day: 2019-02-28 Trading quotation: €/MWh FTB M Mar-19,Mrz 19,52.0,53.0,51.95,52.0,D
2019-01-28,ES,Quarter,ISIN Code: PTFTO0045404 Nominal Fixo MWH: 2183 Trading last day: 2019-12-27 Trading quotation: €/MWh FTB Q1-20,Q1 20,60.79,61.06,,60.79,D
2019-01-28,ES,Quarter,ISIN Code: PTFTO0005036 Nominal Fixo MWH: 2184 Trading last day: 2019-03-28 Trading quotation: €/MWh FTB Q2-19,Q2 19,56.15,56.9,,56.15,D
2019-01-28,ES,Quarter,ISIN Code: PTFTO0045412 Nominal Fixo MWH: 2184 Trading last day: 2020-03-27 Trading quotation: €/MWh FTB Q2-20,Q2 20,50.88,51.11,,50.88,D
2019-01-28,ES,Quarter,ISIN Code: PTFTO0005044 Nominal Fixo MWH: 2208 Trading last day: 2019-06-27 Trading quotation: €/MWh FTB Q3-19,Q3 19,61.6,62.1,,61.6,D
2019-01-28,ES,Quarter,ISIN Code: PTFTO0045420 Nominal Fixo MWH: 2208 Trading last day: 2020-06-26 Trading quotation: €/MWh FTB Q3-20,Q3 20,55.64,55.89,,55.64,D
2019-01-28,ES,Quarter,ISIN Code: PTFTO0045396 Nominal Fixo MWH: 2209 Trading last day: 2019-09-27 Trading quotation: €/MWh FTB Q4-19,Q4 19,62.9,63.6,,62.9,D
2019-01-28,ES,Quarter,ISIN Code: PTFTO0092562 Nominal Fixo MWH: 2209 Trading last day: 2020-09-28 Trading quotation: €/MWh FTB Q4-20,Q4 20,55.89,56.14,,55.89,D
2019-01-29,ES,Month,ISIN Code: PTFTO0045362 Nominal Fixo MWH: 720 Trading last day: 2019-03-29 Trading quotation: €/MWh FTB M Apr-19,Apr 19,52.05,51.75,,52.05,D
2019-01-29,ES,Year,ISIN Code: PTFTO0005077 Nominal Fixo MWH: 8784 Trading last day: 2019-12-27 Trading quotation: €/MWh FTB YR-20,Cal 20,55.8,55.8,,55.8,D
2019-01-29,ES,Year,ISIN Code: PTFTO0005085 Nominal Fixo MWH: 8760 Trading last day: 2020-12-29 Trading quotation: €/MWh FTB YR-21,Cal 21,52.25,51.8,,52.25,D
2019-01-29,ES,Year,ISIN Code: PTFTO0045438 Nominal Fixo MWH: 8760 Trading last day: 2021-12-29 Trading quotation: €/MWh FTB YR-22,Cal 22,49.61,49.16,,49.61,D
2019-01-29,ES,Year,ISIN Code: PTFTO0087687 Nominal Fixo MWH: 8760 Trading last day: 2022-12-29 Trading quotation: €/MWh FTB YR-23,Cal 23,48.38,47.93,,48.38,D
2019-01-29,ES,Year,ISIN Code: PTFTO0092604 Nominal Fixo MWH: 8784 Trading last day: 2023-12-28 Trading quotation: €/MWh FTB YR-24,Cal 24,47.53,47.08,,47.53,D
2019-01-29,ES,Year,ISIN Code: PTFTO0133275 Nominal Fixo MWH: 8760 Trading last day: 2024-12-27 Trading quotation: €/MWh FTB YR-25,Cal 25,47.16,46.71,,47.16,D
2019-01-29,ES,Year,ISIN Code: PTFTO0133283 Nominal Fixo MWH: 8760 Trading last day: 2025-12-29 Trading quotation: €/MWh FTB YR-26,Cal 26,47.16,46.71,,47.16,D
2019-01-29,ES,Month,ISIN Code: PTFTO0045347 Nominal Fixo MWH: 672 Trading last day: 2019-01-31 Trading quotation: €/MWh FTB M Feb-19,Feb 19,59.7,59.25,,59.7,D
2019-01-29,ES,Month,ISIN Code: PTFTO0092448 Nominal Fixo MWH: 744 Trading last day: 2019-06-28 Trading quotation: €/MWh FTB M Jul-19,Jul 19,60.02,60.91,,60.02,D
2019-01-29,ES,Month,ISIN Code: PTFTO0045388 Nominal Fixo MWH: 720 Trading last day: 2019-05-31 Trading quotation: €/MWh FTB M Jun-19,Jun 19,60.07,60.53,,60.07,D
2019-01-29,ES,Month,ISIN Code: PTFTO0045370 Nominal Fixo MWH: 744 Trading last day: 2019-04-30 Trading quotation: €/MWh FTB M May-19,Mai 19,55.74,56.17,,55.74,D
2019-01-29,ES,Month,ISIN Code: PTFTO0045354 Nominal Fixo MWH: 743 Trading last day: 2019-02-28 Trading quotation: €/MWh FTB M Mar-19,Mrz 19,52.35,52.0,52.0,52.35,D
2019-01-29,ES,Quarter,ISIN Code: PTFTO0045404 Nominal Fixo MWH: 2183 Trading last day: 2019-12-27 Trading quotation: €/MWh FTB Q1-20,Q1 20,60.79,60.79,,60.79,D
2019-01-29,ES,Quarter,ISIN Code: PTFTO0005036 Nominal Fixo MWH: 2184 Trading last day: 2019-03-28 Trading quotation: €/MWh FTB Q2-19,Q2 19,55.95,56.15,,55.95,D
2019-01-29,ES,Quarter,ISIN Code: PTFTO0045412 Nominal Fixo MWH: 2184 Trading last day: 2020-03-27 Trading quotation: €/MWh FTB Q2-20,Q2 20,50.88,50.88,,50.88,D
2019-01-29,ES,Quarter,ISIN Code: PTFTO0005044 Nominal Fixo MWH: 2208 Trading last day: 2019-06-27 Trading quotation: €/MWh FTB Q3-19,Q3 19,60.7,61.6,,60.7,D
2019-01-29,ES,Quarter,ISIN Code: PTFTO0045420 Nominal Fixo MWH: 2208 Trading last day: 2020-06-26 Trading quotation: €/MWh FTB Q3-20,Q3 20,55.64,55.64,,55.64,D
2019-01-29,ES,Quarter,ISIN Code: PTFTO0045396 Nominal Fixo MWH: 2209 Trading last day: 2019-09-27 Trading quotation: €/MWh FTB Q4-19,Q4 19,63.3,62.9,,63.3,D
2019-01-29,ES,Quarter,ISIN Code: PTFTO0092562 Nominal Fixo MWH: 2209 Trading last day: 2020-09-28 Trading quotation: €/MWh FTB Q4-20,Q4 20,55.89,55.89,,55.89,D
2019-01-30,ES,Month,ISIN Code: PTFTO0045362 Nominal Fixo MWH: 720 Trading last day: 2019-03-29 Trading quotation: €/MWh FTB M Apr-19,Apr 19,52.26,52.05,,52.26,D
2019-01-30,ES,Year,ISIN Code: PTFTO0005077 Nominal Fixo MWH: 8784 Trading last day: 2019-12-27 Trading quotation: €/MWh FTB YR-20,Cal 20,55.7,55.8,55.7,55.7,D
2019-01-30,ES,Year,ISIN Code: PTFTO0005085 Nominal Fixo MWH: 8760 Trading last day: 2020-12-29 Trading quotation: €/MWh FTB YR-21,Cal 21,52.35,52.25,,52.35,D
2019-01-30,ES,Year,ISIN Code: PTFTO0045438 Nominal Fixo MWH: 8760 Trading last day: 2021-12-29 Trading quotation: €/MWh FTB YR-22,Cal 22,49.71,49.61,,49.71,D
2019-01-30,ES,Year,ISIN Code: PTFTO0087687 Nominal Fixo MWH: 8760 Trading last day: 2022-12-29 Trading quotation: €/MWh FTB YR-23,Cal 23,48.48,48.38,,48.48,D
2019-01-30,ES,Year,ISIN Code: PTFTO0092604 Nominal Fixo MWH: 8784 Trading last day: 2023-12-28 Trading quotation: €/MWh FTB YR-24,Cal 24,47.63,47.53,,47.63,D
2019-01-30,ES,Year,ISIN Code: PTFTO0133275 Nominal Fixo MWH: 8760 Trading last day: 2024-12-27 Trading quotation: €/MWh FTB YR-25,Cal 25,47.26,47.16,,47.26,D
2019-01-30,ES,Year,ISIN Code: PTFTO0133283 Nominal Fixo MWH: 8760 Trading last day: 2025-12-29 Trading quotation: €/MWh FTB YR-26,Cal 26,47.26,47.16,,47.26,D
2019-01-30,ES,Month,ISIN Code: PTFTO0045347 Nominal Fixo MWH: 672 Trading last day: 2019-01-31 Trading quotation: €/MWh FTB M Feb-19,Feb 19,59.65,59.7,59.25,59.65,D
2019-01-30,ES,Month,ISIN Code: PTFTO0092448 Nominal Fixo MWH: 744 Trading last day: 2019-06-28 Trading quotation: €/MWh FTB M Jul-19,Jul 19,59.67,60.02,,59.67,D
2019-01-30,ES,Month,ISIN Code: PTFTO0045388 Nominal Fixo MWH: 720 Trading last day: 2019-05-31 Trading quotation: €/MWh FTB M Jun-19,Jun 19,60.32,60.07,,60.32,D
2019-01-30,ES,Month,ISIN Code: PTFTO0045370 Nominal Fixo MWH: 744 Trading last day: 2019-04-30 Trading quotation: €/MWh FTB M May-19,Mai 19,55.97,55.74,,55.97,D
2019-01-30,ES,Month,ISIN Code: PTFTO0045354 Nominal Fixo MWH: 743 Trading last day: 2019-02-28 Trading quotation: €/MWh FTB M Mar-19,Mrz 19,52.5,52.35,,52.5,D
2019-01-30,ES,Quarter,ISIN Code: PTFTO0045404 Nominal Fixo MWH: 2183 Trading last day: 2019-12-27 Trading quotation: €/MWh FTB Q1-20,Q1 20,60.68,60.79,,60.68,D
2019-01-30,ES,Quarter,ISIN Code: PTFTO0005036 Nominal Fixo MWH: 2184 Trading last day: 2019-03-28 Trading quotation: €/MWh FTB Q2-19,Q2 19,56.18,55.95,,56.18,D
2019-01-30,ES,Quarter,ISIN Code: PTFTO0045412 Nominal Fixo MWH: 2184 Trading last day: 2020-03-27 Trading quotation: €/MWh FTB Q2-20,Q2 20,50.79,50.88,,50.79,D
2019-01-30,ES,Quarter,ISIN Code: PTFTO0005044 Nominal Fixo MWH: 2208 Trading last day: 2019-06-27 Trading quotation: €/MWh FTB Q3-19,Q3 19,60.35,60.7,,60.35,D
2019-01-30,ES,Quarter,ISIN Code: PTFTO0045420 Nominal Fixo MWH: 2208 Trading last day: 2020-06-26 Trading quotation: €/MWh FTB Q3-20,Q3 20,55.54,55.64,,55.54,D
2019-01-30,ES,Quarter,ISIN Code: PTFTO0045396 Nominal Fixo MWH: 2209 Trading last day: 2019-09-27 Trading quotation: €/MWh FTB Q4-19,Q4 19,63.2,63.3,,63.2,D
2019-01-30,ES,Quarter,ISIN Code: PTFTO0092562 Nominal Fixo MWH: 2209 Trading last day: 2020-09-28 Trading quotation: €/MWh FTB Q4-20,Q4 20,55.79,55.89,,55.79,D
